trade_id,trade_date,instrument_isin,instrument_name,instrument_country,instrument_type,venue_mic,counterparty_id,counterparty_name,counterparty_lei,side,quantity,price,notional_value,currency,reporting_status,rejection_reason,report_submitted_date
TRD00001,2024-11-23,DE000A1EWWW0,Adidas AG,DE,EQUITY,XEUR,CP006,Morgan Stanley,MAES062Z21O4RZ2U7M96,BUY,16149,119.3733,1927759.42,EUR,ACCEPTED,,2024-11-24
TRD00002,2024-10-29,US0378331005,Apple Inc,US,EQUITY,XEUR,CP001,Deutsche Bank AG,INR2EJN1ERAN0W5ZP974,BUY,14428,124.0038,1789126.83,EUR,ACCEPTED,,2024-10-30
TRD00003,2024-11-28,XS1234567890,EUR Corp Bond 2026,XS,BOND,XMIL,CP004,UBS Group AG,PBLD0EJDB5FWOLXP3B76,BUY,29539,298.7402,8824486.77,EUR,ACCEPTED,,2024-11-29
TRD00004,2024-12-23,US0378331005,Apple Inc,US,EQUITY,XPAR,CP003,Societe Generale,MAES062Z21O4RZ2U7M96,SELL,14210,479.0344,6807078.82,EUR,ACCEPTED,,2024-12-24
TRD00005,2024-02-17,US0378331005,Apple Inc,US,EQUITY,XEUR,CP003,Societe Generale,9ZHRYM6F437SQJ6OUG95,BUY,39665,139.6152,5537836.91,EUR,ACCEPTED,,2024-02-18
TRD00006,2024-10-01,DE000A1EWWW0,Adidas AG,DE,EQUITY,XAMS,CP001,Deutsche Bank AG,BADLEI00000000000000000,SELL,19313,416.4083,8042093.5,EUR,REJECTED,INVALID_LEI,2024-10-02
TRD00007,2024-01-24,XS1234567890,EUR Corp Bond 2026,XS,BOND,XLON,CP007,JPMorgan Chase,UWJKLYCTVC18SQVJHL39,BUY,5329,429.1057,2286704.28,EUR,ACCEPTED,,2024-01-25
TRD00008,2024-05-22,US0378331005,Apple Inc,US,EQUITY,XPAR,CP002,Barclays PLC,MAES062Z21O4RZ2U7M96,SELL,23383,112.6584,2634291.37,EUR,ACCEPTED,,2024-05-23
TRD00009,2024-11-07,XS1234567890,EUR Corp Bond 2026,XS,BOND,XLON,CP005,Credit Suisse,529900T8BM49AURSDO55,SELL,16143,90.0672,1453954.81,EUR,PENDING,,2024-11-08
TRD00010,2024-11-23,XS1234567890,EUR Corp Bond 2026,XS,BOND,XMIL,CP002,Barclays PLC,INR2EJN1ERAN0W5ZP974,BUY,21352,422.9974,9031840.48,EUR,PENDING,,2024-11-24
TRD00011,2024-01-17,XS9876543210,USD Corp Bond 2028,XS,BOND,XPAR,CP004,UBS Group AG,INR2EJN1ERAN0W5ZP974,SELL,4437,113.3816,503074.16,EUR,ACCEPTED,,2024-01-18
TRD00012,2024-12-01,US0378331005,Apple Inc,US,EQUITY,XAMS,CP006,Morgan Stanley,529900T8BM49AURSDO55,BUY,9463,139.7913,1322845.07,EUR,ACCEPTED,,2024-12-02
TRD00013,2024-10-26,US0378331005,Apple Inc,US,EQUITY,XMIL,CP004,UBS Group AG,9ZHRYM6F437SQJ6OUG95,BUY,14473,498.6896,7217534.58,EUR,ACCEPTED,,2024-10-27
TRD00014,2024-02-16,XS9876543210,USD Corp Bond 2028,XS,BOND,XEUR,CP007,JPMorgan Chase,MAES062Z21O4RZ2U7M96,SELL,10116,317.4486,3211310.04,EUR,ACCEPTED,,2024-02-17
TRD00015,2024-07-16,US0378331005,Apple Inc,US,EQUITY,XMIL,CP004,UBS Group AG,INVALID123,BUY,16576,485.8284,8053091.56,EUR,REJECTED,MISSING_VENUE_CODE,2024-07-17
TRD00016,2024-05-16,XS9876543210,USD Corp Bond 2028,XS,BOND,XPAR,CP001,Deutsche Bank AG,529900T8BM49AURSDO55,BUY,28592,87.4973,2501722.8,EUR,ACCEPTED,,2024-05-17
TRD00017,2024-09-13,XS9876543210,USD Corp Bond 2028,XS,BOND,XLON,CP005,Credit Suisse,PBLD0EJDB5FWOLXP3B76,BUY,41079,156.2379,6418096.69,EUR,ACCEPTED,,2024-09-14
TRD00018,2024-07-10,XS9876543210,USD Corp Bond 2028,XS,BOND,XLON,CP005,Credit Suisse,INVALID123,SELL,137,303.4828,41577.14,EUR,REJECTED,INVALID_LEI,2024-07-11
TRD00019,2024-07-04,XS9876543210,USD Corp Bond 2028,XS,BOND,XPAR,CP002,Barclays PLC,MAES062Z21O4RZ2U7M96,BUY,15885,440.2247,6992969.36,EUR,ACCEPTED,,2024-07-05
TRD00020,2024-09-05,XS9876543210,USD Corp Bond 2028,XS,BOND,XEUR,CP007,JPMorgan Chase,BADLEI00000000000000000,SELL,8341,72.9118,608157.32,EUR,REJECTED,PRICE_OUT_OF_RANGE,2024-09-06
TRD00021,2024-09-27,XS9876543210,USD Corp Bond 2028,XS,BOND,XMIL,CP004,UBS Group AG,529900T8BM49AURSDO55,BUY,35443,380.0799,13471171.9,EUR,ACCEPTED,,2024-09-28
TRD00022,2024-07-23,XS1234567890,EUR Corp Bond 2026,XS,BOND,XPAR,CP004,UBS Group AG,INVALID123,BUY,29688,69.2921,2057143.86,EUR,REJECTED,PRICE_OUT_OF_RANGE,2024-07-24
TRD00023,2024-01-11,DE0007164600,SAP SE,DE,EQUITY,XMIL,CP002,Barclays PLC,BADLEI00000000000000000,BUY,14532,13.5235,196523.5,EUR,REJECTED,INVALID_LEI,2024-01-12
TRD00024,2024-01-17,XS9876543210,USD Corp Bond 2028,XS,BOND,XPAR,CP001,Deutsche Bank AG,BADLEI00000000000000000,SELL,15697,146.4539,2298886.87,EUR,REJECTED,MISSING_VENUE_CODE,2024-01-18
TRD00025,2024-03-08,XS1234567890,EUR Corp Bond 2026,XS,BOND,XMIL,CP005,Credit Suisse,INR2EJN1ERAN0W5ZP974,SELL,16025,394.4635,6321277.59,EUR,ACCEPTED,,2024-03-09
TRD00026,2024-02-18,DE000A1EWWW0,Adidas AG,DE,EQUITY,XAMS,CP003,Societe Generale,MAES062Z21O4RZ2U7M96,BUY,27041,238.8421,6458529.23,EUR,ACCEPTED,,2024-02-19
TRD00027,2024-02-01,US0378331005,Apple Inc,US,EQUITY,XPAR,CP007,JPMorgan Chase,PBLD0EJDB5FWOLXP3B76,SELL,16395,103.8791,1703097.84,EUR,ACCEPTED,,2024-02-02
TRD00028,2024-08-04,GB0002634946,BP PLC,GB,EQUITY,XPAR,CP004,UBS Group AG,7H6GLXDRUGQFU57RNE97,BUY,5040,227.1341,1144755.86,EUR,ACCEPTED,,2024-08-05
TRD00029,2024-11-29,DE0007164600,SAP SE,DE,EQUITY,XEUR,CP001,Deutsche Bank AG,INR2EJN1ERAN0W5ZP974,SELL,10999,209.1429,2300362.76,EUR,ACCEPTED,,2024-11-30
TRD00030,2024-07-24,DE000A1EWWW0,Adidas AG,DE,EQUITY,XLON,CP004,UBS Group AG,529900T8BM49AURSDO55,SELL,25686,139.9495,3594742.86,EUR,ACCEPTED,,2024-07-25
TRD00031,2024-08-04,XS1234567890,EUR Corp Bond 2026,XS,BOND,XMIL,CP006,Morgan Stanley,INR2EJN1ERAN0W5ZP974,SELL,31994,85.8504,2746697.7,EUR,PENDING,,2024-08-05
TRD00032,2024-01-30,DE0007164600,SAP SE,DE,EQUITY,XMIL,CP001,Deutsche Bank AG,PBLD0EJDB5FWOLXP3B76,SELL,20652,38.011,785003.17,EUR,PENDING,,2024-01-31
TRD00033,2024-01-30,DE0007164600,SAP SE,DE,EQUITY,XEUR,CP007,JPMorgan Chase,UWJKLYCTVC18SQVJHL39,BUY,4590,301.5672,1384193.45,EUR,ACCEPTED,,2024-01-31
TRD00034,2024-03-02,DE0007164600,SAP SE,DE,EQUITY,XLON,CP005,Credit Suisse,,SELL,2704,313.4969,847695.62,EUR,REJECTED,PRICE_OUT_OF_RANGE,2024-03-03
TRD00035,2024-04-14,XS1234567890,EUR Corp Bond 2026,XS,BOND,XPAR,CP002,Barclays PLC,9ZHRYM6F437SQJ6OUG95,SELL,26038,74.1304,1930207.36,EUR,ACCEPTED,,2024-04-15
TRD00036,2024-06-10,XS9876543210,USD Corp Bond 2028,XS,BOND,XEUR,CP001,Deutsche Bank AG,MAES062Z21O4RZ2U7M96,BUY,40808,499.2427,20373096.1,EUR,ACCEPTED,,2024-06-11
TRD00037,2024-10-02,GB0002634946,BP PLC,GB,EQUITY,XMIL,CP003,Societe Generale,XKZZ2JZF41MRHTR1V493,BUY,22972,441.6234,10144972.74,EUR,ACCEPTED,,2024-10-03
TRD00038,2024-05-25,GB0002634946,BP PLC,GB,EQUITY,XAMS,CP007,JPMorgan Chase,,BUY,46207,158.2334,7311490.71,EUR,REJECTED,INVALID_LEI,2024-05-26
TRD00039,2024-03-09,FR0000131104,BNP Paribas,FR,EQUITY,XEUR,CP001,Deutsche Bank AG,INR2EJN1ERAN0W5ZP974,SELL,36356,86.1695,3132778.34,EUR,PENDING,,2024-03-10
TRD00040,2024-06-24,GB0002634946,BP PLC,GB,EQUITY,XPAR,CP005,Credit Suisse,MAES062Z21O4RZ2U7M96,BUY,16557,453.6149,7510501.9,EUR,ACCEPTED,,2024-06-25
TRD00041,2024-11-20,US0378331005,Apple Inc,US,EQUITY,XPAR,CP001,Deutsche Bank AG,PBLD0EJDB5FWOLXP3B76,SELL,21959,387.8484,8516763.02,EUR,ACCEPTED,,2024-11-21
TRD00042,2024-08-14,DE0007164600,SAP SE,DE,EQUITY,XAMS,CP005,Credit Suisse,7H6GLXDRUGQFU57RNE97,BUY,7431,46.8695,348287.25,EUR,ACCEPTED,,2024-08-15
TRD00043,2024-07-08,DE0007164600,SAP SE,DE,EQUITY,XMIL,CP002,Barclays PLC,7H6GLXDRUGQFU57RNE97,SELL,8452,30.4961,257753.04,EUR,ACCEPTED,,2024-07-09
TRD00044,2024-07-02,GB0002634946,BP PLC,GB,EQUITY,XLON,CP006,Morgan Stanley,PBLD0EJDB5FWOLXP3B76,SELL,23278,392.257,9130958.45,EUR,ACCEPTED,,2024-07-03
TRD00045,2024-05-01,XS9876543210,USD Corp Bond 2028,XS,BOND,XLON,CP007,JPMorgan Chase,UWJKLYCTVC18SQVJHL39,SELL,27120,22.1453,600580.54,EUR,ACCEPTED,,2024-05-02
TRD00046,2024-12-08,XS9876543210,USD Corp Bond 2028,XS,BOND,XLON,CP003,Societe Generale,9ZHRYM6F437SQJ6OUG95,BUY,46058,62.9669,2900129.48,EUR,ACCEPTED,,2024-12-09
TRD00047,2024-04-23,GB0002634946,BP PLC,GB,EQUITY,XAMS,CP003,Societe Generale,UWJKLYCTVC18SQVJHL39,BUY,15015,119.2325,1790275.99,EUR,ACCEPTED,,2024-04-24
TRD00048,2024-06-17,FR0000131104,BNP Paribas,FR,EQUITY,XEUR,CP007,JPMorgan Chase,XKZZ2JZF41MRHTR1V493,SELL,23112,324.3261,7495824.82,EUR,ACCEPTED,,2024-06-18
TRD00049,2024-01-15,DE000A1EWWW0,Adidas AG,DE,EQUITY,XPAR,CP002,Barclays PLC,,SELL,17497,28.746,502968.76,EUR,REJECTED,PRICE_OUT_OF_RANGE,2024-01-16
TRD00050,2024-08-11,DE0007164600,SAP SE,DE,EQUITY,XMIL,CP001,Deutsche Bank AG,UWJKLYCTVC18SQVJHL39,BUY,37887,103.1386,3907612.14,EUR,ACCEPTED,,2024-08-12
TRD00051,2024-01-01,DE0007164600,SAP SE,DE,EQUITY,XMIL,CP006,Morgan Stanley,XKZZ2JZF41MRHTR1V493,BUY,48724,371.1485,18083839.51,EUR,PENDING,,2024-01-02
TRD00052,2024-08-08,DE000A1EWWW0,Adidas AG,DE,EQUITY,XPAR,CP005,Credit Suisse,529900T8BM49AURSDO55,SELL,43575,425.5275,18542360.81,EUR,ACCEPTED,,2024-08-09
TRD00053,2024-12-07,US0378331005,Apple Inc,US,EQUITY,XPAR,CP004,UBS Group AG,UWJKLYCTVC18SQVJHL39,BUY,19476,281.6621,5485651.06,EUR,PENDING,,2024-12-08
TRD00054,2024-12-06,US0378331005,Apple Inc,US,EQUITY,XLON,CP005,Credit Suisse,,BUY,19823,208.9768,4142547.11,EUR,REJECTED,PRICE_OUT_OF_RANGE,2024-12-07
TRD00055,2024-04-17,US0378331005,Apple Inc,US,EQUITY,XMIL,CP005,Credit Suisse,INR2EJN1ERAN0W5ZP974,SELL,21218,237.8442,5046578.24,EUR,PENDING,,2024-04-18
TRD00056,2024-09-18,US0378331005,Apple Inc,US,EQUITY,XLON,CP006,Morgan Stanley,MAES062Z21O4RZ2U7M96,SELL,18698,262.5715,4909561.91,EUR,ACCEPTED,,2024-09-19
TRD00057,2024-04-30,XS1234567890,EUR Corp Bond 2026,XS,BOND,XPAR,CP002,Barclays PLC,9ZHRYM6F437SQJ6OUG95,BUY,9756,21.9684,214323.71,EUR,ACCEPTED,,2024-05-01
TRD00058,2024-11-08,XS9876543210,USD Corp Bond 2028,XS,BOND,XEUR,CP004,UBS Group AG,9ZHRYM6F437SQJ6OUG95,SELL,41372,292.0787,12083879.98,EUR,ACCEPTED,,2024-11-09
TRD00059,2024-07-23,GB0002634946,BP PLC,GB,EQUITY,XLON,CP006,Morgan Stanley,UWJKLYCTVC18SQVJHL39,BUY,463,447.4033,207147.73,EUR,PENDING,,2024-07-24
TRD00060,2024-04-22,GB0002634946,BP PLC,GB,EQUITY,XMIL,CP004,UBS Group AG,9ZHRYM6F437SQJ6OUG95,BUY,36630,132.1072,4839086.74,EUR,ACCEPTED,,2024-04-23
TRD00061,2024-03-09,XS9876543210,USD Corp Bond 2028,XS,BOND,XAMS,CP006,Morgan Stanley,00000000000000000000,SELL,36729,301.7716,11083769.1,EUR,REJECTED,MISSING_VENUE_CODE,2024-03-10
TRD00062,2024-08-16,GB0002634946,BP PLC,GB,EQUITY,XAMS,CP004,UBS Group AG,9ZHRYM6F437SQJ6OUG95,SELL,49368,131.1475,6474489.78,EUR,ACCEPTED,,2024-08-17
TRD00063,2024-11-16,GB0002634946,BP PLC,GB,EQUITY,XPAR,CP004,UBS Group AG,XKZZ2JZF41MRHTR1V493,SELL,46862,150.0068,7029618.66,EUR,ACCEPTED,,2024-11-17
TRD00064,2024-06-12,DE0007164600,SAP SE,DE,EQUITY,XEUR,CP002,Barclays PLC,INR2EJN1ERAN0W5ZP974,BUY,15255,197.6873,3015719.76,EUR,ACCEPTED,,2024-06-13
TRD00065,2024-02-02,US0378331005,Apple Inc,US,EQUITY,XAMS,CP003,Societe Generale,00000000000000000000,BUY,30634,213.7294,6547386.44,EUR,REJECTED,DUPLICATE_TRADE_ID,2024-02-03
TRD00066,2024-10-26,XS1234567890,EUR Corp Bond 2026,XS,BOND,XEUR,CP007,JPMorgan Chase,,SELL,25028,243.7201,6099826.66,EUR,REJECTED,DUPLICATE_TRADE_ID,2024-10-27
TRD00067,2024-08-02,DE0007164600,SAP SE,DE,EQUITY,XMIL,CP007,JPMorgan Chase,00000000000000000000,SELL,14553,249.2324,3627079.12,EUR,REJECTED,DUPLICATE_TRADE_ID,2024-08-03
TRD00068,2024-01-15,US0378331005,Apple Inc,US,EQUITY,XPAR,CP006,Morgan Stanley,PBLD0EJDB5FWOLXP3B76,SELL,26597,364.8489,9703886.19,EUR,PENDING,,2024-01-16
TRD00069,2024-11-14,DE0007164600,SAP SE,DE,EQUITY,XEUR,CP004,UBS Group AG,00000000000000000000,BUY,37087,334.8699,12419319.98,EUR,REJECTED,MISSING_INSTRUMENT_ID,2024-11-15
TRD00070,2024-08-24,GB0002634946,BP PLC,GB,EQUITY,XEUR,CP003,Societe Generale,XKZZ2JZF41MRHTR1V493,SELL,21553,113.7135,2450867.07,EUR,ACCEPTED,,2024-08-25
TRD00071,2024-07-13,FR0000131104,BNP Paribas,FR,EQUITY,XAMS,CP003,Societe Generale,XKZZ2JZF41MRHTR1V493,BUY,30922,19.4978,602910.97,EUR,ACCEPTED,,2024-07-14
TRD00072,2024-04-24,XS1234567890,EUR Corp Bond 2026,XS,BOND,XEUR,CP007,JPMorgan Chase,INR2EJN1ERAN0W5ZP974,BUY,2738,379.5743,1039274.43,EUR,PENDING,,2024-04-25
TRD00073,2024-01-11,DE0007164600,SAP SE,DE,EQUITY,XLON,CP002,Barclays PLC,9ZHRYM6F437SQJ6OUG95,BUY,31135,338.0348,10524713.5,EUR,ACCEPTED,,2024-01-12
TRD00074,2024-12-24,FR0000131104,BNP Paribas,FR,EQUITY,XPAR,CP002,Barclays PLC,BADLEI00000000000000000,BUY,39896,482.23,19239048.08,EUR,REJECTED,PRICE_OUT_OF_RANGE,2024-12-25
TRD00075,2024-02-25,DE0007164600,SAP SE,DE,EQUITY,XEUR,CP003,Societe Generale,00000000000000000000,SELL,44490,454.9328,20239960.27,EUR,REJECTED,MISSING_INSTRUMENT_ID,2024-02-26
TRD00076,2024-02-08,DE0007164600,SAP SE,DE,EQUITY,XLON,CP001,Deutsche Bank AG,7H6GLXDRUGQFU57RNE97,BUY,19864,426.6437,8474850.46,EUR,PENDING,,2024-02-09
TRD00077,2024-06-26,DE0007164600,SAP SE,DE,EQUITY,XAMS,CP006,Morgan Stanley,7H6GLXDRUGQFU57RNE97,SELL,4619,257.9208,1191336.18,EUR,ACCEPTED,,2024-06-27
TRD00078,2024-08-03,XS9876543210,USD Corp Bond 2028,XS,BOND,XAMS,CP001,Deutsche Bank AG,PBLD0EJDB5FWOLXP3B76,SELL,23836,321.4367,7661765.18,EUR,ACCEPTED,,2024-08-04
TRD00079,2024-08-10,GB0002634946,BP PLC,GB,EQUITY,XMIL,CP006,Morgan Stanley,9ZHRYM6F437SQJ6OUG95,SELL,40464,406.0176,16429096.17,EUR,ACCEPTED,,2024-08-11
TRD00080,2024-08-11,XS9876543210,USD Corp Bond 2028,XS,BOND,XMIL,CP003,Societe Generale,529900T8BM49AURSDO55,BUY,16188,417.0582,6751338.14,EUR,ACCEPTED,,2024-08-12
TRD00081,2024-08-18,GB0002634946,BP PLC,GB,EQUITY,XAMS,CP005,Credit Suisse,00000000000000000000,BUY,43890,195.7048,8589483.67,EUR,REJECTED,PRICE_OUT_OF_RANGE,2024-08-19
TRD00082,2024-04-03,US0378331005,Apple Inc,US,EQUITY,XLON,CP003,Societe Generale,7H6GLXDRUGQFU57RNE97,SELL,22404,147.0327,3294120.61,EUR,ACCEPTED,,2024-04-04
TRD00083,2024-09-21,GB0002634946,BP PLC,GB,EQUITY,XEUR,CP002,Barclays PLC,9ZHRYM6F437SQJ6OUG95,BUY,26735,249.4031,6667791.88,EUR,PENDING,,2024-09-22
TRD00084,2024-11-26,XS1234567890,EUR Corp Bond 2026,XS,BOND,XAMS,CP004,UBS Group AG,INR2EJN1ERAN0W5ZP974,SELL,6198,154.1754,955579.13,EUR,ACCEPTED,,2024-11-27
TRD00085,2024-06-05,XS1234567890,EUR Corp Bond 2026,XS,BOND,XMIL,CP003,Societe Generale,XKZZ2JZF41MRHTR1V493,SELL,36372,270.1517,9825957.63,EUR,ACCEPTED,,2024-06-06
TRD00086,2024-06-29,XS1234567890,EUR Corp Bond 2026,XS,BOND,XAMS,CP003,Societe Generale,XKZZ2JZF41MRHTR1V493,BUY,16575,122.9636,2038121.67,EUR,ACCEPTED,,2024-06-30
TRD00087,2024-03-02,XS1234567890,EUR Corp Bond 2026,XS,BOND,XMIL,CP007,JPMorgan Chase,529900T8BM49AURSDO55,SELL,12233,103.8551,1270459.44,EUR,PENDING,,2024-03-03
TRD00088,2024-10-28,XS9876543210,USD Corp Bond 2028,XS,BOND,XMIL,CP005,Credit Suisse,INR2EJN1ERAN0W5ZP974,SELL,6688,417.9879,2795503.08,EUR,ACCEPTED,,2024-10-29
TRD00089,2024-07-03,GB0002634946,BP PLC,GB,EQUITY,XPAR,CP001,Deutsche Bank AG,7H6GLXDRUGQFU57RNE97,BUY,35105,72.0257,2528462.2,EUR,PENDING,,2024-07-04
TRD00090,2024-10-10,FR0000131104,BNP Paribas,FR,EQUITY,XLON,CP006,Morgan Stanley,9ZHRYM6F437SQJ6OUG95,SELL,6823,437.6327,2985967.91,EUR,ACCEPTED,,2024-10-11
TRD00091,2024-09-02,US0378331005,Apple Inc,US,EQUITY,XPAR,CP002,Barclays PLC,MAES062Z21O4RZ2U7M96,SELL,16646,471.1212,7842283.5,EUR,ACCEPTED,,2024-09-03
TRD00092,2024-02-03,US0378331005,Apple Inc,US,EQUITY,XAMS,CP001,Deutsche Bank AG,BADLEI00000000000000000,BUY,41351,346.361,14322373.71,EUR,REJECTED,MISSING_VENUE_CODE,2024-02-04
TRD00093,2024-06-04,DE000A1EWWW0,Adidas AG,DE,EQUITY,XLON,CP001,Deutsche Bank AG,00000000000000000000,BUY,27374,307.0956,8406434.95,EUR,REJECTED,DUPLICATE_TRADE_ID,2024-06-05
TRD00094,2024-08-14,FR0000131104,BNP Paribas,FR,EQUITY,XMIL,CP004,UBS Group AG,INR2EJN1ERAN0W5ZP974,BUY,37365,314.3034,11743946.54,EUR,ACCEPTED,,2024-08-15
TRD00095,2024-11-16,GB0002634946,BP PLC,GB,EQUITY,XPAR,CP006,Morgan Stanley,PBLD0EJDB5FWOLXP3B76,BUY,10392,127.5339,1325332.29,EUR,ACCEPTED,,2024-11-17
TRD00096,2024-01-02,US0378331005,Apple Inc,US,EQUITY,XAMS,CP006,Morgan Stanley,,BUY,30896,152.7171,4718347.52,EUR,REJECTED,PRICE_OUT_OF_RANGE,2024-01-03
TRD00097,2024-12-25,XS9876543210,USD Corp Bond 2028,XS,BOND,XAMS,CP001,Deutsche Bank AG,UWJKLYCTVC18SQVJHL39,BUY,15397,462.7164,7124444.41,EUR,PENDING,,2024-12-26
TRD00098,2024-02-28,DE0007164600,SAP SE,DE,EQUITY,XLON,CP006,Morgan Stanley,7H6GLXDRUGQFU57RNE97,BUY,17508,415.0493,7266683.14,EUR,ACCEPTED,,2024-02-29
TRD00099,2024-03-25,XS9876543210,USD Corp Bond 2028,XS,BOND,XPAR,CP005,Credit Suisse,MAES062Z21O4RZ2U7M96,SELL,37403,461.3843,17257156.97,EUR,PENDING,,2024-03-26
TRD00100,2024-08-27,XS1234567890,EUR Corp Bond 2026,XS,BOND,XPAR,CP006,Morgan Stanley,9ZHRYM6F437SQJ6OUG95,SELL,17941,255.2314,4579106.55,EUR,ACCEPTED,,2024-08-28
TRD00101,2024-02-11,DE0007164600,SAP SE,DE,EQUITY,XEUR,CP004,UBS Group AG,MAES062Z21O4RZ2U7M96,BUY,21223,305.8197,6490411.49,EUR,PENDING,,2024-02-12
TRD00102,2024-04-27,XS1234567890,EUR Corp Bond 2026,XS,BOND,XMIL,CP005,Credit Suisse,PBLD0EJDB5FWOLXP3B76,BUY,44158,412.4964,18215016.03,EUR,ACCEPTED,,2024-04-28
TRD00103,2024-08-28,DE0007164600,SAP SE,DE,EQUITY,XAMS,CP003,Societe Generale,MAES062Z21O4RZ2U7M96,SELL,38460,223.5836,8599025.26,EUR,ACCEPTED,,2024-08-29
TRD00104,2024-08-28,FR0000131104,BNP Paribas,FR,EQUITY,XAMS,CP003,Societe Generale,XKZZ2JZF41MRHTR1V493,BUY,44017,61.2539,2696212.92,EUR,ACCEPTED,,2024-08-29
TRD00105,2024-07-29,XS1234567890,EUR Corp Bond 2026,XS,BOND,XAMS,CP003,Societe Generale,9ZHRYM6F437SQJ6OUG95,BUY,26344,408.6474,10765407.11,EUR,PENDING,,2024-07-30
TRD00106,2024-02-15,FR0000131104,BNP Paribas,FR,EQUITY,XPAR,CP003,Societe Generale,9ZHRYM6F437SQJ6OUG95,BUY,26588,433.8062,11534039.25,EUR,ACCEPTED,,2024-02-16
TRD00107,2024-07-30,DE000A1EWWW0,Adidas AG,DE,EQUITY,XLON,CP005,Credit Suisse,7H6GLXDRUGQFU57RNE97,SELL,40904,380.6571,15570398.02,EUR,ACCEPTED,,2024-07-31
TRD00108,2024-04-14,FR0000131104,BNP Paribas,FR,EQUITY,XMIL,CP002,Barclays PLC,MAES062Z21O4RZ2U7M96,SELL,28812,441.6148,12723805.62,EUR,ACCEPTED,,2024-04-15
TRD00109,2024-01-15,XS1234567890,EUR Corp Bond 2026,XS,BOND,XMIL,CP007,JPMorgan Chase,UWJKLYCTVC18SQVJHL39,BUY,46616,87.6053,4083808.66,EUR,ACCEPTED,,2024-01-16
TRD00110,2024-02-17,GB0002634946,BP PLC,GB,EQUITY,XEUR,CP004,UBS Group AG,529900T8BM49AURSDO55,SELL,42548,417.7502,17774435.51,EUR,ACCEPTED,,2024-02-18
TRD00111,2024-09-17,XS1234567890,EUR Corp Bond 2026,XS,BOND,XPAR,CP004,UBS Group AG,UWJKLYCTVC18SQVJHL39,BUY,31047,129.4281,4018354.22,EUR,ACCEPTED,,2024-09-18
TRD00112,2024-04-07,DE0007164600,SAP SE,DE,EQUITY,XMIL,CP006,Morgan Stanley,XKZZ2JZF41MRHTR1V493,SELL,4675,145.3612,679563.61,EUR,ACCEPTED,,2024-04-08
TRD00113,2024-09-16,FR0000131104,BNP Paribas,FR,EQUITY,XEUR,CP003,Societe Generale,PBLD0EJDB5FWOLXP3B76,SELL,19666,420.3632,8266862.69,EUR,PENDING,,2024-09-17
TRD00114,2024-08-16,DE0007164600,SAP SE,DE,EQUITY,XAMS,CP003,Societe Generale,9ZHRYM6F437SQJ6OUG95,SELL,36270,383.8076,13920701.65,EUR,ACCEPTED,,2024-08-17
TRD00115,2024-06-13,XS9876543210,USD Corp Bond 2028,XS,BOND,XLON,CP006,Morgan Stanley,7H6GLXDRUGQFU57RNE97,SELL,37573,197.6557,7426517.62,EUR,ACCEPTED,,2024-06-14
TRD00116,2024-06-11,XS1234567890,EUR Corp Bond 2026,XS,BOND,XAMS,CP006,Morgan Stanley,9ZHRYM6F437SQJ6OUG95,BUY,25402,494.3229,12556790.31,EUR,ACCEPTED,,2024-06-12
TRD00117,2024-01-19,GB0002634946,BP PLC,GB,EQUITY,XMIL,CP005,Credit Suisse,MAES062Z21O4RZ2U7M96,SELL,6677,438.3533,2926884.98,EUR,ACCEPTED,,2024-01-20
TRD00118,2024-09-26,US0378331005,Apple Inc,US,EQUITY,XEUR,CP006,Morgan Stanley,MAES062Z21O4RZ2U7M96,BUY,26968,436.7572,11778468.17,EUR,ACCEPTED,,2024-09-27
TRD00119,2024-08-28,XS9876543210,USD Corp Bond 2028,XS,BOND,XPAR,CP003,Societe Generale,,BUY,45497,204.7668,9316275.1,EUR,REJECTED,MISSING_VENUE_CODE,2024-08-29
TRD00120,2024-07-13,FR0000131104,BNP Paribas,FR,EQUITY,XAMS,CP007,JPMorgan Chase,,BUY,2452,312.5551,766385.11,EUR,REJECTED,MISSING_INSTRUMENT_ID,2024-07-14
TRD00121,2024-02-16,US0378331005,Apple Inc,US,EQUITY,XEUR,CP007,JPMorgan Chase,PBLD0EJDB5FWOLXP3B76,SELL,46230,437.5638,20228574.47,EUR,PENDING,,2024-02-17
TRD00122,2024-12-21,FR0000131104,BNP Paribas,FR,EQUITY,XEUR,CP001,Deutsche Bank AG,UWJKLYCTVC18SQVJHL39,SELL,3777,153.7502,580714.51,EUR,ACCEPTED,,2024-12-22
TRD00123,2024-03-15,GB0002634946,BP PLC,GB,EQUITY,XMIL,CP004,UBS Group AG,BADLEI00000000000000000,BUY,44782,398.3345,17838215.58,EUR,REJECTED,INVALID_LEI,2024-03-16
TRD00124,2024-11-08,XS9876543210,USD Corp Bond 2028,XS,BOND,XAMS,CP005,Credit Suisse,INR2EJN1ERAN0W5ZP974,BUY,15883,253.857,4032010.73,EUR,PENDING,,2024-11-09
TRD00125,2024-08-24,XS1234567890,EUR Corp Bond 2026,XS,BOND,XPAR,CP004,UBS Group AG,529900T8BM49AURSDO55,SELL,43802,14.6047,639715.07,EUR,ACCEPTED,,2024-08-25
TRD00126,2024-12-12,DE0007164600,SAP SE,DE,EQUITY,XLON,CP001,Deutsche Bank AG,UWJKLYCTVC18SQVJHL39,SELL,22746,493.9493,11235370.78,EUR,ACCEPTED,,2024-12-13
TRD00127,2024-12-19,FR0000131104,BNP Paribas,FR,EQUITY,XAMS,CP007,JPMorgan Chase,MAES062Z21O4RZ2U7M96,SELL,13155,499.693,6573461.42,EUR,ACCEPTED,,2024-12-20
TRD00128,2024-05-01,US0378331005,Apple Inc,US,EQUITY,XMIL,CP003,Societe Generale,INVALID123,SELL,19490,496.4191,9675208.26,EUR,REJECTED,DUPLICATE_TRADE_ID,2024-05-02
TRD00129,2024-05-20,DE000A1EWWW0,Adidas AG,DE,EQUITY,XMIL,CP007,JPMorgan Chase,529900T8BM49AURSDO55,SELL,48902,487.0654,23818472.19,EUR,PENDING,,2024-05-21
TRD00130,2024-04-27,DE0007164600,SAP SE,DE,EQUITY,XPAR,CP002,Barclays PLC,MAES062Z21O4RZ2U7M96,BUY,12560,314.2367,3946812.95,EUR,PENDING,,2024-04-28
TRD00131,2024-11-17,XS1234567890,EUR Corp Bond 2026,XS,BOND,XEUR,CP003,Societe Generale,MAES062Z21O4RZ2U7M96,BUY,2286,293.9912,672063.88,EUR,ACCEPTED,,2024-11-18
TRD00132,2024-05-31,FR0000131104,BNP Paribas,FR,EQUITY,XAMS,CP002,Barclays PLC,529900T8BM49AURSDO55,SELL,8761,395.3913,3464023.18,EUR,ACCEPTED,,2024-06-01
TRD00133,2024-03-25,FR0000131104,BNP Paribas,FR,EQUITY,XAMS,CP007,JPMorgan Chase,9ZHRYM6F437SQJ6OUG95,BUY,49026,436.4945,21399579.36,EUR,ACCEPTED,,2024-03-26
TRD00134,2024-02-08,GB0002634946,BP PLC,GB,EQUITY,XLON,CP007,JPMorgan Chase,XKZZ2JZF41MRHTR1V493,SELL,47562,340.4591,16192915.71,EUR,PENDING,,2024-02-09
TRD00135,2024-02-16,XS9876543210,USD Corp Bond 2028,XS,BOND,XAMS,CP001,Deutsche Bank AG,529900T8BM49AURSDO55,SELL,35264,70.5585,2488174.94,EUR,ACCEPTED,,2024-02-17
TRD00136,2024-10-26,US0378331005,Apple Inc,US,EQUITY,XPAR,CP001,Deutsche Bank AG,INR2EJN1ERAN0W5ZP974,SELL,15423,241.0237,3717308.53,EUR,PENDING,,2024-10-27
TRD00137,2024-11-27,DE000A1EWWW0,Adidas AG,DE,EQUITY,XAMS,CP006,Morgan Stanley,7H6GLXDRUGQFU57RNE97,BUY,42648,210.065,8958852.12,EUR,ACCEPTED,,2024-11-28
TRD00138,2024-01-20,FR0000131104,BNP Paribas,FR,EQUITY,XAMS,CP001,Deutsche Bank AG,UWJKLYCTVC18SQVJHL39,BUY,15487,444.7571,6887953.21,EUR,ACCEPTED,,2024-01-21
TRD00139,2024-08-20,FR0000131104,BNP Paribas,FR,EQUITY,XMIL,CP004,UBS Group AG,INVALID123,SELL,48745,366.0336,17842307.83,EUR,REJECTED,DUPLICATE_TRADE_ID,2024-08-21
TRD00140,2024-11-11,US0378331005,Apple Inc,US,EQUITY,XPAR,CP001,Deutsche Bank AG,INR2EJN1ERAN0W5ZP974,SELL,24383,116.4621,2839695.38,EUR,PENDING,,2024-11-12
TRD00141,2024-07-04,DE000A1EWWW0,Adidas AG,DE,EQUITY,XPAR,CP005,Credit Suisse,INR2EJN1ERAN0W5ZP974,SELL,23606,39.6695,936438.22,EUR,PENDING,,2024-07-05
TRD00142,2024-03-03,XS9876543210,USD Corp Bond 2028,XS,BOND,XAMS,CP001,Deutsche Bank AG,7H6GLXDRUGQFU57RNE97,BUY,14000,324.4352,4542092.8,EUR,PENDING,,2024-03-04
TRD00143,2024-06-19,GB0002634946,BP PLC,GB,EQUITY,XLON,CP007,JPMorgan Chase,BADLEI00000000000000000,BUY,13548,43.619,590950.21,EUR,REJECTED,MISSING_INSTRUMENT_ID,2024-06-20
TRD00144,2024-06-17,XS9876543210,USD Corp Bond 2028,XS,BOND,XLON,CP007,JPMorgan Chase,BADLEI00000000000000000,BUY,285,145.8647,41571.44,EUR,REJECTED,MISSING_VENUE_CODE,2024-06-18
TRD00145,2024-05-08,XS9876543210,USD Corp Bond 2028,XS,BOND,XLON,CP001,Deutsche Bank AG,INR2EJN1ERAN0W5ZP974,SELL,1789,74.5836,133430.06,EUR,PENDING,,2024-05-09
TRD00146,2024-10-28,FR0000131104,BNP Paribas,FR,EQUITY,XEUR,CP002,Barclays PLC,MAES062Z21O4RZ2U7M96,SELL,3534,72.1117,254842.75,EUR,ACCEPTED,,2024-10-29
TRD00147,2024-02-02,US0378331005,Apple Inc,US,EQUITY,XAMS,CP007,JPMorgan Chase,INR2EJN1ERAN0W5ZP974,SELL,33735,300.8963,10150736.68,EUR,ACCEPTED,,2024-02-03
TRD00148,2024-11-10,DE000A1EWWW0,Adidas AG,DE,EQUITY,XMIL,CP003,Societe Generale,9ZHRYM6F437SQJ6OUG95,BUY,42261,482.3728,20385556.9,EUR,ACCEPTED,,2024-11-11
TRD00149,2024-07-24,US0378331005,Apple Inc,US,EQUITY,XEUR,CP004,UBS Group AG,XKZZ2JZF41MRHTR1V493,BUY,29169,46.0105,1342080.27,EUR,PENDING,,2024-07-25
TRD00150,2024-11-07,GB0002634946,BP PLC,GB,EQUITY,XEUR,CP002,Barclays PLC,UWJKLYCTVC18SQVJHL39,SELL,41015,320.2076,13133314.71,EUR,ACCEPTED,,2024-11-08
TRD00151,2024-11-01,DE0007164600,SAP SE,DE,EQUITY,XPAR,CP004,UBS Group AG,BADLEI00000000000000000,BUY,39777,220.7977,8782670.11,EUR,REJECTED,DUPLICATE_TRADE_ID,2024-11-02
TRD00152,2024-08-19,GB0002634946,BP PLC,GB,EQUITY,XAMS,CP003,Societe Generale,XKZZ2JZF41MRHTR1V493,BUY,26231,213.8349,5609103.26,EUR,ACCEPTED,,2024-08-20
TRD00153,2024-08-06,FR0000131104,BNP Paribas,FR,EQUITY,XPAR,CP003,Societe Generale,MAES062Z21O4RZ2U7M96,BUY,45111,462.2627,20853132.66,EUR,ACCEPTED,,2024-08-07
TRD00154,2024-02-13,DE000A1EWWW0,Adidas AG,DE,EQUITY,XAMS,CP001,Deutsche Bank AG,7H6GLXDRUGQFU57RNE97,BUY,48517,192.597,9344228.65,EUR,PENDING,,2024-02-14
TRD00155,2024-10-27,DE0007164600,SAP SE,DE,EQUITY,XMIL,CP003,Societe Generale,7H6GLXDRUGQFU57RNE97,SELL,8110,211.2962,1713612.18,EUR,PENDING,,2024-10-28
TRD00156,2024-05-27,DE0007164600,SAP SE,DE,EQUITY,XPAR,CP003,Societe Generale,9ZHRYM6F437SQJ6OUG95,BUY,37974,258.6321,9821295.37,EUR,ACCEPTED,,2024-05-28
TRD00157,2024-04-24,XS9876543210,USD Corp Bond 2028,XS,BOND,XEUR,CP003,Societe Generale,BADLEI00000000000000000,SELL,24188,66.2938,1603514.43,EUR,REJECTED,DUPLICATE_TRADE_ID,2024-04-25
TRD00158,2024-10-14,XS9876543210,USD Corp Bond 2028,XS,BOND,XMIL,CP005,Credit Suisse,7H6GLXDRUGQFU57RNE97,SELL,42219,282.8025,11939638.75,EUR,PENDING,,2024-10-15
TRD00159,2024-04-02,FR0000131104,BNP Paribas,FR,EQUITY,XPAR,CP003,Societe Generale,UWJKLYCTVC18SQVJHL39,BUY,500,98.8887,49444.35,EUR,ACCEPTED,,2024-04-03
TRD00160,2024-02-05,GB0002634946,BP PLC,GB,EQUITY,XEUR,CP001,Deutsche Bank AG,9ZHRYM6F437SQJ6OUG95,SELL,34865,115.4151,4023947.46,EUR,PENDING,,2024-02-06
TRD00161,2024-06-23,GB0002634946,BP PLC,GB,EQUITY,XPAR,CP003,Societe Generale,7H6GLXDRUGQFU57RNE97,BUY,21358,390.6495,8343492.02,EUR,PENDING,,2024-06-24
TRD00162,2024-03-20,GB0002634946,BP PLC,GB,EQUITY,XMIL,CP001,Deutsche Bank AG,9ZHRYM6F437SQJ6OUG95,SELL,5446,143.3304,780577.36,EUR,PENDING,,2024-03-21
TRD00163,2024-11-06,US0378331005,Apple Inc,US,EQUITY,XAMS,CP003,Societe Generale,UWJKLYCTVC18SQVJHL39,SELL,49575,261.0497,12941538.88,EUR,ACCEPTED,,2024-11-07
TRD00164,2024-02-26,FR0000131104,BNP Paribas,FR,EQUITY,XMIL,CP004,UBS Group AG,00000000000000000000,BUY,43821,161.1255,7060680.54,EUR,REJECTED,MISSING_VENUE_CODE,2024-02-27
TRD00165,2024-01-29,DE000A1EWWW0,Adidas AG,DE,EQUITY,XLON,CP003,Societe Generale,XKZZ2JZF41MRHTR1V493,SELL,9093,384.4388,3495702.01,EUR,ACCEPTED,,2024-01-30
TRD00166,2024-03-02,DE000A1EWWW0,Adidas AG,DE,EQUITY,XAMS,CP006,Morgan Stanley,XKZZ2JZF41MRHTR1V493,BUY,11614,73.301,851317.81,EUR,ACCEPTED,,2024-03-03
TRD00167,2024-02-06,US0378331005,Apple Inc,US,EQUITY,XEUR,CP004,UBS Group AG,UWJKLYCTVC18SQVJHL39,SELL,30230,461.3696,13947203.01,EUR,ACCEPTED,,2024-02-07
TRD00168,2024-10-20,US0378331005,Apple Inc,US,EQUITY,XAMS,CP003,Societe Generale,PBLD0EJDB5FWOLXP3B76,SELL,26644,20.2197,538733.69,EUR,ACCEPTED,,2024-10-21
TRD00169,2024-11-12,US0378331005,Apple Inc,US,EQUITY,XPAR,CP001,Deutsche Bank AG,MAES062Z21O4RZ2U7M96,SELL,7037,129.2251,909357.03,EUR,ACCEPTED,,2024-11-13
TRD00170,2024-07-21,XS9876543210,USD Corp Bond 2028,XS,BOND,XPAR,CP006,Morgan Stanley,MAES062Z21O4RZ2U7M96,BUY,14620,173.2036,2532236.63,EUR,ACCEPTED,,2024-07-22
TRD00171,2024-09-18,XS1234567890,EUR Corp Bond 2026,XS,BOND,XEUR,CP005,Credit Suisse,,SELL,12807,453.9021,5813124.19,EUR,REJECTED,MISSING_INSTRUMENT_ID,2024-09-19
TRD00172,2024-04-30,DE000A1EWWW0,Adidas AG,DE,EQUITY,XLON,CP003,Societe Generale,PBLD0EJDB5FWOLXP3B76,BUY,11470,305.1755,3500362.98,EUR,ACCEPTED,,2024-05-01
TRD00173,2024-11-17,US0378331005,Apple Inc,US,EQUITY,XAMS,CP007,JPMorgan Chase,,SELL,49899,293.9394,14667282.12,EUR,REJECTED,MISSING_INSTRUMENT_ID,2024-11-18
TRD00174,2024-08-13,DE000A1EWWW0,Adidas AG,DE,EQUITY,XAMS,CP004,UBS Group AG,XKZZ2JZF41MRHTR1V493,BUY,19945,400.2015,7982018.92,EUR,PENDING,,2024-08-14
TRD00175,2024-09-16,DE000A1EWWW0,Adidas AG,DE,EQUITY,XPAR,CP004,UBS Group AG,MAES062Z21O4RZ2U7M96,SELL,2564,37.8761,97114.32,EUR,ACCEPTED,,2024-09-17
TRD00176,2024-11-26,XS9876543210,USD Corp Bond 2028,XS,BOND,XEUR,CP005,Credit Suisse,00000000000000000000,BUY,33331,198.3964,6612750.41,EUR,REJECTED,MISSING_VENUE_CODE,2024-11-27
TRD00177,2024-11-29,GB0002634946,BP PLC,GB,EQUITY,XPAR,CP005,Credit Suisse,9ZHRYM6F437SQJ6OUG95,BUY,32957,83.9219,2765814.06,EUR,ACCEPTED,,2024-11-30
TRD00178,2024-02-22,XS9876543210,USD Corp Bond 2028,XS,BOND,XPAR,CP006,Morgan Stanley,INR2EJN1ERAN0W5ZP974,BUY,33166,326.6023,10832091.88,EUR,ACCEPTED,,2024-02-23
TRD00179,2024-12-28,US0378331005,Apple Inc,US,EQUITY,XAMS,CP005,Credit Suisse,,SELL,40064,87.7856,3517042.28,EUR,REJECTED,DUPLICATE_TRADE_ID,2024-12-29
TRD00180,2024-07-28,XS9876543210,USD Corp Bond 2028,XS,BOND,XPAR,CP006,Morgan Stanley,INVALID123,SELL,3531,396.7212,1400822.56,EUR,REJECTED,PRICE_OUT_OF_RANGE,2024-07-29
TRD00181,2024-02-18,DE0007164600,SAP SE,DE,EQUITY,XAMS,CP003,Societe Generale,XKZZ2JZF41MRHTR1V493,BUY,47530,427.2675,20308024.27,EUR,ACCEPTED,,2024-02-19
TRD00182,2024-02-11,DE0007164600,SAP SE,DE,EQUITY,XLON,CP003,Societe Generale,PBLD0EJDB5FWOLXP3B76,SELL,43095,352.2552,15180437.84,EUR,ACCEPTED,,2024-02-12
TRD00183,2024-10-31,XS1234567890,EUR Corp Bond 2026,XS,BOND,XEUR,CP003,Societe Generale,BADLEI00000000000000000,SELL,24786,325.3117,8063175.8,EUR,REJECTED,MISSING_VENUE_CODE,2024-11-01
TRD00184,2024-02-17,XS1234567890,EUR Corp Bond 2026,XS,BOND,XAMS,CP005,Credit Suisse,INR2EJN1ERAN0W5ZP974,BUY,1294,187.6729,242848.73,EUR,ACCEPTED,,2024-02-18
TRD00185,2024-06-23,XS9876543210,USD Corp Bond 2028,XS,BOND,XAMS,CP002,Barclays PLC,MAES062Z21O4RZ2U7M96,SELL,9115,85.9231,783189.06,EUR,ACCEPTED,,2024-06-24
TRD00186,2024-09-16,XS9876543210,USD Corp Bond 2028,XS,BOND,XMIL,CP007,JPMorgan Chase,PBLD0EJDB5FWOLXP3B76,SELL,34606,28.4963,986142.96,EUR,PENDING,,2024-09-17
TRD00187,2024-11-01,US0378331005,Apple Inc,US,EQUITY,XLON,CP002,Barclays PLC,9ZHRYM6F437SQJ6OUG95,BUY,45506,387.8379,17648951.48,EUR,ACCEPTED,,2024-11-02
TRD00188,2024-01-23,US0378331005,Apple Inc,US,EQUITY,XPAR,CP006,Morgan Stanley,9ZHRYM6F437SQJ6OUG95,SELL,15666,485.0984,7599551.53,EUR,PENDING,,2024-01-24
TRD00189,2024-04-29,DE0007164600,SAP SE,DE,EQUITY,XLON,CP003,Societe Generale,9ZHRYM6F437SQJ6OUG95,SELL,12815,190.2421,2437952.51,EUR,ACCEPTED,,2024-04-30
TRD00190,2024-05-24,XS9876543210,USD Corp Bond 2028,XS,BOND,XAMS,CP005,Credit Suisse,BADLEI00000000000000000,BUY,27537,483.4714,13313351.94,EUR,REJECTED,PRICE_OUT_OF_RANGE,2024-05-25
TRD00191,2024-01-27,XS1234567890,EUR Corp Bond 2026,XS,BOND,XAMS,CP007,JPMorgan Chase,529900T8BM49AURSDO55,BUY,36442,467.8038,17047706.08,EUR,ACCEPTED,,2024-01-28
TRD00192,2024-02-12,XS9876543210,USD Corp Bond 2028,XS,BOND,XLON,CP003,Societe Generale,MAES062Z21O4RZ2U7M96,SELL,33743,82.2008,2773701.59,EUR,ACCEPTED,,2024-02-13
TRD00193,2024-04-23,XS9876543210,USD Corp Bond 2028,XS,BOND,XAMS,CP003,Societe Generale,INR2EJN1ERAN0W5ZP974,SELL,27290,36.0959,985057.11,EUR,ACCEPTED,,2024-04-24
TRD00194,2024-07-16,DE000A1EWWW0,Adidas AG,DE,EQUITY,XPAR,CP002,Barclays PLC,PBLD0EJDB5FWOLXP3B76,SELL,20985,466.1047,9781207.13,EUR,ACCEPTED,,2024-07-17
TRD00195,2024-03-11,DE000A1EWWW0,Adidas AG,DE,EQUITY,XPAR,CP007,JPMorgan Chase,9ZHRYM6F437SQJ6OUG95,SELL,45717,417.2441,19075148.52,EUR,ACCEPTED,,2024-03-12
TRD00196,2024-11-11,DE000A1EWWW0,Adidas AG,DE,EQUITY,XEUR,CP001,Deutsche Bank AG,MAES062Z21O4RZ2U7M96,SELL,14233,419.1319,5965504.33,EUR,ACCEPTED,,2024-11-12
TRD00197,2024-05-27,GB0002634946,BP PLC,GB,EQUITY,XPAR,CP001,Deutsche Bank AG,MAES062Z21O4RZ2U7M96,SELL,15726,215.7145,3392326.23,EUR,ACCEPTED,,2024-05-28
TRD00198,2024-02-26,XS9876543210,USD Corp Bond 2028,XS,BOND,XAMS,CP005,Credit Suisse,BADLEI00000000000000000,BUY,1177,319.6579,376237.35,EUR,REJECTED,PRICE_OUT_OF_RANGE,2024-02-27
TRD00199,2024-08-07,DE000A1EWWW0,Adidas AG,DE,EQUITY,XMIL,CP003,Societe Generale,XKZZ2JZF41MRHTR1V493,BUY,37499,214.1181,8029214.63,EUR,ACCEPTED,,2024-08-08
TRD00200,2024-02-04,DE0007164600,SAP SE,DE,EQUITY,XMIL,CP005,Credit Suisse,INVALID123,SELL,36416,19.9638,727001.74,EUR,REJECTED,DUPLICATE_TRADE_ID,2024-02-05
TRD00201,2024-07-10,FR0000131104,BNP Paribas,FR,EQUITY,XEUR,CP003,Societe Generale,XKZZ2JZF41MRHTR1V493,BUY,22696,128.1517,2908530.98,EUR,ACCEPTED,,2024-07-11
TRD00202,2024-03-09,DE000A1EWWW0,Adidas AG,DE,EQUITY,XPAR,CP005,Credit Suisse,9ZHRYM6F437SQJ6OUG95,SELL,42226,95.7937,4044984.78,EUR,ACCEPTED,,2024-03-10
TRD00203,2024-11-19,GB0002634946,BP PLC,GB,EQUITY,XLON,CP001,Deutsche Bank AG,7H6GLXDRUGQFU57RNE97,BUY,30094,28.1221,846306.48,EUR,PENDING,,2024-11-20
TRD00204,2024-04-12,DE000A1EWWW0,Adidas AG,DE,EQUITY,XPAR,CP003,Societe Generale,,SELL,26198,494.6701,12959367.28,EUR,REJECTED,INVALID_LEI,2024-04-13
TRD00205,2024-11-27,GB0002634946,BP PLC,GB,EQUITY,XPAR,CP003,Societe Generale,XKZZ2JZF41MRHTR1V493,BUY,43074,172.6431,7436428.89,EUR,ACCEPTED,,2024-11-28
TRD00206,2024-08-11,US0378331005,Apple Inc,US,EQUITY,XAMS,CP004,UBS Group AG,XKZZ2JZF41MRHTR1V493,SELL,12343,253.1396,3124502.08,EUR,ACCEPTED,,2024-08-12
TRD00207,2024-09-22,FR0000131104,BNP Paribas,FR,EQUITY,XEUR,CP006,Morgan Stanley,529900T8BM49AURSDO55,BUY,5272,220.9975,1165098.82,EUR,ACCEPTED,,2024-09-23
TRD00208,2024-06-13,DE000A1EWWW0,Adidas AG,DE,EQUITY,XEUR,CP003,Societe Generale,PBLD0EJDB5FWOLXP3B76,SELL,19475,160.183,3119563.92,EUR,PENDING,,2024-06-14
TRD00209,2024-12-19,US0378331005,Apple Inc,US,EQUITY,XPAR,CP004,UBS Group AG,UWJKLYCTVC18SQVJHL39,SELL,47732,436.3182,20826340.32,EUR,ACCEPTED,,2024-12-20
TRD00210,2024-05-20,XS1234567890,EUR Corp Bond 2026,XS,BOND,XEUR,CP001,Deutsche Bank AG,7H6GLXDRUGQFU57RNE97,BUY,41880,209.043,8754720.84,EUR,PENDING,,2024-05-21
TRD00211,2024-03-14,XS9876543210,USD Corp Bond 2028,XS,BOND,XMIL,CP006,Morgan Stanley,XKZZ2JZF41MRHTR1V493,BUY,2380,71.8527,171009.43,EUR,ACCEPTED,,2024-03-15
TRD00212,2024-07-04,US0378331005,Apple Inc,US,EQUITY,XMIL,CP001,Deutsche Bank AG,,SELL,10155,342.7404,3480528.76,EUR,REJECTED,DUPLICATE_TRADE_ID,2024-07-05
TRD00213,2024-02-09,DE0007164600,SAP SE,DE,EQUITY,XLON,CP005,Credit Suisse,INR2EJN1ERAN0W5ZP974,SELL,26185,164.0489,4295620.45,EUR,ACCEPTED,,2024-02-10
TRD00214,2024-02-28,DE000A1EWWW0,Adidas AG,DE,EQUITY,XLON,CP004,UBS Group AG,,BUY,25461,457.6358,11651865.1,EUR,REJECTED,PRICE_OUT_OF_RANGE,2024-02-29
TRD00215,2024-12-26,US0378331005,Apple Inc,US,EQUITY,XLON,CP005,Credit Suisse,INR2EJN1ERAN0W5ZP974,SELL,45580,459.0747,20924624.83,EUR,ACCEPTED,,2024-12-27
TRD00216,2024-03-03,GB0002634946,BP PLC,GB,EQUITY,XEUR,CP004,UBS Group AG,XKZZ2JZF41MRHTR1V493,BUY,46851,228.1045,10686923.93,EUR,ACCEPTED,,2024-03-04
TRD00217,2024-12-07,FR0000131104,BNP Paribas,FR,EQUITY,XEUR,CP005,Credit Suisse,BADLEI00000000000000000,BUY,19129,446.7525,8545928.57,EUR,REJECTED,PRICE_OUT_OF_RANGE,2024-12-08
TRD00218,2024-09-17,GB0002634946,BP PLC,GB,EQUITY,XEUR,CP002,Barclays PLC,XKZZ2JZF41MRHTR1V493,BUY,15614,397.2828,6203173.64,EUR,ACCEPTED,,2024-09-18
TRD00219,2024-10-10,DE0007164600,SAP SE,DE,EQUITY,XPAR,CP004,UBS Group AG,INVALID123,BUY,8604,309.8547,2665989.84,EUR,REJECTED,PRICE_OUT_OF_RANGE,2024-10-11
TRD00220,2024-07-22,XS1234567890,EUR Corp Bond 2026,XS,BOND,XAMS,CP005,Credit Suisse,PBLD0EJDB5FWOLXP3B76,BUY,26932,413.4363,11134666.43,EUR,ACCEPTED,,2024-07-23
TRD00221,2024-06-11,XS1234567890,EUR Corp Bond 2026,XS,BOND,XEUR,CP004,UBS Group AG,PBLD0EJDB5FWOLXP3B76,BUY,44671,263.5064,11771094.39,EUR,ACCEPTED,,2024-06-12
TRD00222,2024-03-07,US0378331005,Apple Inc,US,EQUITY,XMIL,CP007,JPMorgan Chase,PBLD0EJDB5FWOLXP3B76,SELL,8237,263.87,2173497.19,EUR,ACCEPTED,,2024-03-08
TRD00223,2024-03-23,FR0000131104,BNP Paribas,FR,EQUITY,XLON,CP003,Societe Generale,BADLEI00000000000000000,SELL,18715,424.5075,7944657.86,EUR,REJECTED,MISSING_VENUE_CODE,2024-03-24
TRD00224,2024-05-20,GB0002634946,BP PLC,GB,EQUITY,XPAR,CP005,Credit Suisse,BADLEI00000000000000000,BUY,6222,256.2608,1594454.7,EUR,REJECTED,MISSING_INSTRUMENT_ID,2024-05-21
TRD00225,2024-12-03,DE0007164600,SAP SE,DE,EQUITY,XMIL,CP003,Societe Generale,INVALID123,BUY,2799,414.3658,1159809.87,EUR,REJECTED,INVALID_LEI,2024-12-04
TRD00226,2024-11-24,XS9876543210,USD Corp Bond 2028,XS,BOND,XMIL,CP003,Societe Generale,7H6GLXDRUGQFU57RNE97,SELL,13915,385.8099,5368544.76,EUR,PENDING,,2024-11-25
TRD00227,2024-09-11,XS1234567890,EUR Corp Bond 2026,XS,BOND,XMIL,CP003,Societe Generale,529900T8BM49AURSDO55,SELL,19898,246.643,4907702.41,EUR,PENDING,,2024-09-12
TRD00228,2024-08-20,DE000A1EWWW0,Adidas AG,DE,EQUITY,XEUR,CP002,Barclays PLC,XKZZ2JZF41MRHTR1V493,BUY,27338,247.2831,6760225.39,EUR,ACCEPTED,,2024-08-21
TRD00229,2024-11-06,GB0002634946,BP PLC,GB,EQUITY,XPAR,CP007,JPMorgan Chase,UWJKLYCTVC18SQVJHL39,SELL,21026,369.7579,7774529.61,EUR,PENDING,,2024-11-07
TRD00230,2024-03-07,XS9876543210,USD Corp Bond 2028,XS,BOND,XPAR,CP005,Credit Suisse,INVALID123,SELL,7058,166.3668,1174216.87,EUR,REJECTED,PRICE_OUT_OF_RANGE,2024-03-08
TRD00231,2024-08-18,GB0002634946,BP PLC,GB,EQUITY,XLON,CP001,Deutsche Bank AG,INR2EJN1ERAN0W5ZP974,SELL,19119,473.2386,9047848.79,EUR,ACCEPTED,,2024-08-19
TRD00232,2024-03-22,XS9876543210,USD Corp Bond 2028,XS,BOND,XPAR,CP005,Credit Suisse,9ZHRYM6F437SQJ6OUG95,BUY,20594,103.0187,2121567.11,EUR,PENDING,,2024-03-23
TRD00233,2024-09-20,US0378331005,Apple Inc,US,EQUITY,XAMS,CP003,Societe Generale,9ZHRYM6F437SQJ6OUG95,SELL,1618,54.1241,87572.79,EUR,ACCEPTED,,2024-09-21
TRD00234,2024-05-03,GB0002634946,BP PLC,GB,EQUITY,XMIL,CP003,Societe Generale,529900T8BM49AURSDO55,SELL,3412,147.8646,504514.02,EUR,ACCEPTED,,2024-05-04
TRD00235,2024-10-01,DE000A1EWWW0,Adidas AG,DE,EQUITY,XEUR,CP004,UBS Group AG,XKZZ2JZF41MRHTR1V493,SELL,17432,366.479,6388461.93,EUR,ACCEPTED,,2024-10-02
TRD00236,2024-01-24,US0378331005,Apple Inc,US,EQUITY,XEUR,CP005,Credit Suisse,INVALID123,SELL,12856,187.6367,2412257.42,EUR,REJECTED,DUPLICATE_TRADE_ID,2024-01-25
TRD00237,2024-09-15,US0378331005,Apple Inc,US,EQUITY,XMIL,CP003,Societe Generale,INVALID123,BUY,44690,309.4111,13827582.06,EUR,REJECTED,DUPLICATE_TRADE_ID,2024-09-16
TRD00238,2024-07-10,XS9876543210,USD Corp Bond 2028,XS,BOND,XPAR,CP005,Credit Suisse,7H6GLXDRUGQFU57RNE97,SELL,49577,80.691,4000417.71,EUR,ACCEPTED,,2024-07-11
TRD00239,2024-01-24,DE000A1EWWW0,Adidas AG,DE,EQUITY,XLON,CP006,Morgan Stanley,PBLD0EJDB5FWOLXP3B76,BUY,31147,264.473,8237540.53,EUR,ACCEPTED,,2024-01-25
TRD00240,2024-06-16,DE0007164600,SAP SE,DE,EQUITY,XPAR,CP002,Barclays PLC,XKZZ2JZF41MRHTR1V493,SELL,40502,372.2665,15077537.78,EUR,ACCEPTED,,2024-06-17
TRD00241,2024-09-16,XS9876543210,USD Corp Bond 2028,XS,BOND,XMIL,CP005,Credit Suisse,7H6GLXDRUGQFU57RNE97,SELL,46547,285.8329,13304664.0,EUR,ACCEPTED,,2024-09-17
TRD00242,2024-07-07,FR0000131104,BNP Paribas,FR,EQUITY,XEUR,CP004,UBS Group AG,00000000000000000000,BUY,20263,400.4099,8113505.8,EUR,REJECTED,PRICE_OUT_OF_RANGE,2024-07-08
TRD00243,2024-12-01,XS9876543210,USD Corp Bond 2028,XS,BOND,XMIL,CP005,Credit Suisse,PBLD0EJDB5FWOLXP3B76,SELL,47377,35.164,1665964.83,EUR,ACCEPTED,,2024-12-02
TRD00244,2024-09-25,XS1234567890,EUR Corp Bond 2026,XS,BOND,XMIL,CP007,JPMorgan Chase,7H6GLXDRUGQFU57RNE97,BUY,9784,412.614,4037015.38,EUR,ACCEPTED,,2024-09-26
TRD00245,2024-10-20,XS1234567890,EUR Corp Bond 2026,XS,BOND,XEUR,CP002,Barclays PLC,UWJKLYCTVC18SQVJHL39,BUY,29003,163.7093,4748060.83,EUR,ACCEPTED,,2024-10-21
TRD00246,2024-12-19,GB0002634946,BP PLC,GB,EQUITY,XAMS,CP005,Credit Suisse,BADLEI00000000000000000,BUY,31007,437.6807,13571165.46,EUR,REJECTED,MISSING_VENUE_CODE,2024-12-20
TRD00247,2024-04-16,DE0007164600,SAP SE,DE,EQUITY,XPAR,CP006,Morgan Stanley,9ZHRYM6F437SQJ6OUG95,BUY,34537,194.6441,6722423.28,EUR,ACCEPTED,,2024-04-17
TRD00248,2024-09-29,FR0000131104,BNP Paribas,FR,EQUITY,XMIL,CP003,Societe Generale,9ZHRYM6F437SQJ6OUG95,SELL,47346,343.5655,16266452.16,EUR,PENDING,,2024-09-30
TRD00249,2024-04-08,GB0002634946,BP PLC,GB,EQUITY,XPAR,CP005,Credit Suisse,529900T8BM49AURSDO55,SELL,14836,471.3279,6992620.72,EUR,ACCEPTED,,2024-04-09
TRD00250,2024-12-26,GB0002634946,BP PLC,GB,EQUITY,XAMS,CP003,Societe Generale,529900T8BM49AURSDO55,SELL,22959,284.6389,6535024.51,EUR,ACCEPTED,,2024-12-27
TRD00251,2024-03-03,DE0007164600,SAP SE,DE,EQUITY,XMIL,CP004,UBS Group AG,529900T8BM49AURSDO55,BUY,22718,477.7583,10853713.06,EUR,ACCEPTED,,2024-03-04
TRD00252,2024-01-22,FR0000131104,BNP Paribas,FR,EQUITY,XEUR,CP003,Societe Generale,INR2EJN1ERAN0W5ZP974,SELL,43089,135.6575,5845346.02,EUR,ACCEPTED,,2024-01-23
TRD00253,2024-04-13,XS9876543210,USD Corp Bond 2028,XS,BOND,XMIL,CP003,Societe Generale,BADLEI00000000000000000,BUY,45724,143.0945,6542852.92,EUR,REJECTED,MISSING_INSTRUMENT_ID,2024-04-14
TRD00254,2024-01-26,XS1234567890,EUR Corp Bond 2026,XS,BOND,XMIL,CP002,Barclays PLC,XKZZ2JZF41MRHTR1V493,SELL,15359,35.7206,548632.7,EUR,PENDING,,2024-01-27
TRD00255,2024-08-29,DE000A1EWWW0,Adidas AG,DE,EQUITY,XLON,CP001,Deutsche Bank AG,00000000000000000000,SELL,10450,209.3847,2188070.12,EUR,REJECTED,MISSING_INSTRUMENT_ID,2024-08-30
TRD00256,2024-05-27,FR0000131104,BNP Paribas,FR,EQUITY,XPAR,CP006,Morgan Stanley,7H6GLXDRUGQFU57RNE97,BUY,5962,329.6264,1965232.6,EUR,ACCEPTED,,2024-05-28
TRD00257,2024-03-30,US0378331005,Apple Inc,US,EQUITY,XLON,CP001,Deutsche Bank AG,7H6GLXDRUGQFU57RNE97,SELL,32565,101.2927,3298596.78,EUR,ACCEPTED,,2024-03-31
TRD00258,2024-01-05,FR0000131104,BNP Paribas,FR,EQUITY,XMIL,CP005,Credit Suisse,PBLD0EJDB5FWOLXP3B76,SELL,22057,149.4352,3296092.21,EUR,ACCEPTED,,2024-01-06
TRD00259,2024-09-15,US0378331005,Apple Inc,US,EQUITY,XPAR,CP002,Barclays PLC,529900T8BM49AURSDO55,SELL,21771,89.6222,1951164.92,EUR,ACCEPTED,,2024-09-16
TRD00260,2024-04-05,DE000A1EWWW0,Adidas AG,DE,EQUITY,XPAR,CP007,JPMorgan Chase,PBLD0EJDB5FWOLXP3B76,BUY,37310,340.4566,12702435.75,EUR,ACCEPTED,,2024-04-06
TRD00261,2024-11-08,XS9876543210,USD Corp Bond 2028,XS,BOND,XAMS,CP007,JPMorgan Chase,MAES062Z21O4RZ2U7M96,SELL,33869,170.6841,5780899.78,EUR,ACCEPTED,,2024-11-09
TRD00262,2024-04-04,GB0002634946,BP PLC,GB,EQUITY,XAMS,CP003,Societe Generale,9ZHRYM6F437SQJ6OUG95,BUY,547,137.7848,75368.29,EUR,ACCEPTED,,2024-04-05
TRD00263,2024-05-16,FR0000131104,BNP Paribas,FR,EQUITY,XPAR,CP005,Credit Suisse,INR2EJN1ERAN0W5ZP974,SELL,37644,15.6035,587378.15,EUR,PENDING,,2024-05-17
TRD00264,2024-02-01,XS1234567890,EUR Corp Bond 2026,XS,BOND,XEUR,CP004,UBS Group AG,MAES062Z21O4RZ2U7M96,SELL,10567,208.6541,2204847.87,EUR,ACCEPTED,,2024-02-02
TRD00265,2024-11-23,FR0000131104,BNP Paribas,FR,EQUITY,XPAR,CP005,Credit Suisse,PBLD0EJDB5FWOLXP3B76,SELL,14460,479.1067,6927882.88,EUR,ACCEPTED,,2024-11-24
TRD00266,2024-08-20,XS1234567890,EUR Corp Bond 2026,XS,BOND,XMIL,CP003,Societe Generale,INR2EJN1ERAN0W5ZP974,SELL,46102,279.1249,12868216.14,EUR,ACCEPTED,,2024-08-21
TRD00267,2024-05-06,XS1234567890,EUR Corp Bond 2026,XS,BOND,XMIL,CP007,JPMorgan Chase,MAES062Z21O4RZ2U7M96,SELL,34539,228.9065,7906201.6,EUR,ACCEPTED,,2024-05-07
TRD00268,2024-10-15,DE000A1EWWW0,Adidas AG,DE,EQUITY,XEUR,CP007,JPMorgan Chase,BADLEI00000000000000000,BUY,33227,109.0568,3623630.29,EUR,REJECTED,PRICE_OUT_OF_RANGE,2024-10-16
TRD00269,2024-09-23,US0378331005,Apple Inc,US,EQUITY,XEUR,CP006,Morgan Stanley,9ZHRYM6F437SQJ6OUG95,BUY,47083,295.7424,13924439.42,EUR,ACCEPTED,,2024-09-24
TRD00270,2024-01-29,US0378331005,Apple Inc,US,EQUITY,XLON,CP005,Credit Suisse,529900T8BM49AURSDO55,SELL,30036,286.3165,8599802.39,EUR,ACCEPTED,,2024-01-30
TRD00271,2024-01-12,US0378331005,Apple Inc,US,EQUITY,XPAR,CP007,JPMorgan Chase,7H6GLXDRUGQFU57RNE97,BUY,48977,116.7716,5719122.65,EUR,ACCEPTED,,2024-01-13
TRD00272,2024-08-04,FR0000131104,BNP Paribas,FR,EQUITY,XEUR,CP005,Credit Suisse,7H6GLXDRUGQFU57RNE97,SELL,4623,493.2073,2280097.35,EUR,ACCEPTED,,2024-08-05
TRD00273,2024-05-26,US0378331005,Apple Inc,US,EQUITY,XLON,CP007,JPMorgan Chase,XKZZ2JZF41MRHTR1V493,SELL,42142,489.3833,20623591.03,EUR,ACCEPTED,,2024-05-27
TRD00274,2024-07-14,US0378331005,Apple Inc,US,EQUITY,XAMS,CP004,UBS Group AG,XKZZ2JZF41MRHTR1V493,BUY,44843,482.4307,21633639.88,EUR,ACCEPTED,,2024-07-15
TRD00275,2024-03-01,GB0002634946,BP PLC,GB,EQUITY,XMIL,CP004,UBS Group AG,INVALID123,BUY,8445,366.6505,3096363.47,EUR,REJECTED,INVALID_LEI,2024-03-02
TRD00276,2024-06-01,US0378331005,Apple Inc,US,EQUITY,XMIL,CP004,UBS Group AG,00000000000000000000,BUY,24956,413.4466,10317973.35,EUR,REJECTED,PRICE_OUT_OF_RANGE,2024-06-02
TRD00277,2024-03-20,FR0000131104,BNP Paribas,FR,EQUITY,XLON,CP006,Morgan Stanley,7H6GLXDRUGQFU57RNE97,SELL,2211,406.6443,899090.55,EUR,ACCEPTED,,2024-03-21
TRD00278,2024-05-03,GB0002634946,BP PLC,GB,EQUITY,XEUR,CP001,Deutsche Bank AG,BADLEI00000000000000000,BUY,2300,228.7561,526139.03,EUR,REJECTED,INVALID_LEI,2024-05-04
TRD00279,2024-07-24,US0378331005,Apple Inc,US,EQUITY,XLON,CP005,Credit Suisse,PBLD0EJDB5FWOLXP3B76,BUY,49539,433.2278,21461671.98,EUR,ACCEPTED,,2024-07-25
TRD00280,2024-09-14,FR0000131104,BNP Paribas,FR,EQUITY,XLON,CP007,JPMorgan Chase,INR2EJN1ERAN0W5ZP974,SELL,37855,166.2628,6293878.29,EUR,PENDING,,2024-09-15
TRD00281,2024-06-03,GB0002634946,BP PLC,GB,EQUITY,XMIL,CP002,Barclays PLC,UWJKLYCTVC18SQVJHL39,BUY,19793,144.8254,2866529.14,EUR,ACCEPTED,,2024-06-04
TRD00282,2024-10-11,US0378331005,Apple Inc,US,EQUITY,XEUR,CP003,Societe Generale,UWJKLYCTVC18SQVJHL39,SELL,44097,196.7658,8676781.48,EUR,PENDING,,2024-10-12
TRD00283,2024-07-28,GB0002634946,BP PLC,GB,EQUITY,XPAR,CP004,UBS Group AG,INR2EJN1ERAN0W5ZP974,BUY,49541,273.5848,13553664.58,EUR,ACCEPTED,,2024-07-29
TRD00284,2024-06-02,XS9876543210,USD Corp Bond 2028,XS,BOND,XLON,CP007,JPMorgan Chase,PBLD0EJDB5FWOLXP3B76,SELL,3876,285.5691,1106865.83,EUR,ACCEPTED,,2024-06-03
TRD00285,2024-07-17,GB0002634946,BP PLC,GB,EQUITY,XPAR,CP002,Barclays PLC,XKZZ2JZF41MRHTR1V493,SELL,42482,48.7445,2070763.85,EUR,ACCEPTED,,2024-07-18
TRD00286,2024-02-17,DE0007164600,SAP SE,DE,EQUITY,XLON,CP001,Deutsche Bank AG,MAES062Z21O4RZ2U7M96,BUY,24818,340.0992,8440581.95,EUR,ACCEPTED,,2024-02-18
TRD00287,2024-04-06,XS9876543210,USD Corp Bond 2028,XS,BOND,XMIL,CP006,Morgan Stanley,XKZZ2JZF41MRHTR1V493,BUY,36724,116.3381,4272400.38,EUR,PENDING,,2024-04-07
TRD00288,2024-06-04,DE000A1EWWW0,Adidas AG,DE,EQUITY,XLON,CP002,Barclays PLC,INR2EJN1ERAN0W5ZP974,SELL,7788,375.9708,2928060.59,EUR,PENDING,,2024-06-05
TRD00289,2024-12-22,DE0007164600,SAP SE,DE,EQUITY,XLON,CP004,UBS Group AG,UWJKLYCTVC18SQVJHL39,SELL,36281,167.5914,6080383.58,EUR,ACCEPTED,,2024-12-23
TRD00290,2024-08-26,DE0007164600,SAP SE,DE,EQUITY,XPAR,CP003,Societe Generale,9ZHRYM6F437SQJ6OUG95,SELL,23669,261.2801,6184238.69,EUR,ACCEPTED,,2024-08-27
TRD00291,2024-02-20,XS9876543210,USD Corp Bond 2028,XS,BOND,XAMS,CP007,JPMorgan Chase,7H6GLXDRUGQFU57RNE97,SELL,13412,191.6454,2570348.1,EUR,ACCEPTED,,2024-02-21
TRD00292,2024-10-15,XS9876543210,USD Corp Bond 2028,XS,BOND,XLON,CP006,Morgan Stanley,529900T8BM49AURSDO55,SELL,1162,137.7793,160099.55,EUR,ACCEPTED,,2024-10-16
TRD00293,2024-03-19,GB0002634946,BP PLC,GB,EQUITY,XPAR,CP002,Barclays PLC,XKZZ2JZF41MRHTR1V493,SELL,37441,418.3477,15663356.24,EUR,ACCEPTED,,2024-03-20
TRD00294,2024-05-11,XS9876543210,USD Corp Bond 2028,XS,BOND,XAMS,CP006,Morgan Stanley,XKZZ2JZF41MRHTR1V493,BUY,48570,250.3918,12161529.73,EUR,PENDING,,2024-05-12
TRD00295,2024-03-27,GB0002634946,BP PLC,GB,EQUITY,XMIL,CP004,UBS Group AG,7H6GLXDRUGQFU57RNE97,BUY,35629,495.2585,17645565.1,EUR,ACCEPTED,,2024-03-28
TRD00296,2024-02-08,XS9876543210,USD Corp Bond 2028,XS,BOND,XEUR,CP007,JPMorgan Chase,MAES062Z21O4RZ2U7M96,BUY,27126,77.3708,2098760.32,EUR,ACCEPTED,,2024-02-09
TRD00297,2024-12-28,GB0002634946,BP PLC,GB,EQUITY,XEUR,CP002,Barclays PLC,00000000000000000000,SELL,29985,192.8683,5783155.98,EUR,REJECTED,INVALID_LEI,2024-12-29
TRD00298,2024-01-04,DE0007164600,SAP SE,DE,EQUITY,XMIL,CP004,UBS Group AG,529900T8BM49AURSDO55,SELL,1196,269.4146,322219.86,EUR,ACCEPTED,,2024-01-05
TRD00299,2024-01-09,DE0007164600,SAP SE,DE,EQUITY,XAMS,CP007,JPMorgan Chase,INR2EJN1ERAN0W5ZP974,BUY,7113,459.8439,3270869.66,EUR,ACCEPTED,,2024-01-10
TRD00300,2024-04-08,DE0007164600,SAP SE,DE,EQUITY,XMIL,CP003,Societe Generale,XKZZ2JZF41MRHTR1V493,BUY,17619,399.5188,7039121.74,EUR,ACCEPTED,,2024-04-09
TRD00301,2024-07-26,US0378331005,Apple Inc,US,EQUITY,XMIL,CP002,Barclays PLC,7H6GLXDRUGQFU57RNE97,BUY,14901,156.9876,2339272.23,EUR,PENDING,,2024-07-27
TRD00302,2024-02-17,US0378331005,Apple Inc,US,EQUITY,XAMS,CP004,UBS Group AG,BADLEI00000000000000000,BUY,31295,37.4963,1173446.71,EUR,REJECTED,INVALID_LEI,2024-02-18
TRD00303,2024-09-12,XS9876543210,USD Corp Bond 2028,XS,BOND,XAMS,CP006,Morgan Stanley,7H6GLXDRUGQFU57RNE97,BUY,37183,488.8913,18178445.21,EUR,ACCEPTED,,2024-09-13
TRD00304,2024-04-27,GB0002634946,BP PLC,GB,EQUITY,XMIL,CP004,UBS Group AG,7H6GLXDRUGQFU57RNE97,SELL,3151,462.838,1458402.54,EUR,ACCEPTED,,2024-04-28
TRD00305,2024-04-01,XS9876543210,USD Corp Bond 2028,XS,BOND,XPAR,CP001,Deutsche Bank AG,MAES062Z21O4RZ2U7M96,SELL,38571,80.6539,3110901.58,EUR,ACCEPTED,,2024-04-02
TRD00306,2024-06-02,GB0002634946,BP PLC,GB,EQUITY,XMIL,CP002,Barclays PLC,00000000000000000000,SELL,25603,341.7471,8749751.0,EUR,REJECTED,MISSING_INSTRUMENT_ID,2024-06-03
TRD00307,2024-12-18,XS1234567890,EUR Corp Bond 2026,XS,BOND,XEUR,CP005,Credit Suisse,INR2EJN1ERAN0W5ZP974,SELL,22766,36.3113,826663.06,EUR,PENDING,,2024-12-19
TRD00308,2024-02-08,FR0000131104,BNP Paribas,FR,EQUITY,XMIL,CP007,JPMorgan Chase,INVALID123,SELL,39133,204.3845,7998178.64,EUR,REJECTED,PRICE_OUT_OF_RANGE,2024-02-09
TRD00309,2024-08-18,US0378331005,Apple Inc,US,EQUITY,XLON,CP003,Societe Generale,INVALID123,SELL,24703,221.6055,5474320.67,EUR,REJECTED,MISSING_VENUE_CODE,2024-08-19
TRD00310,2024-05-31,XS9876543210,USD Corp Bond 2028,XS,BOND,XLON,CP006,Morgan Stanley,PBLD0EJDB5FWOLXP3B76,SELL,5476,141.3063,773793.3,EUR,ACCEPTED,,2024-06-01
TRD00311,2024-07-18,FR0000131104,BNP Paribas,FR,EQUITY,XPAR,CP001,Deutsche Bank AG,XKZZ2JZF41MRHTR1V493,SELL,440,472.0505,207702.22,EUR,ACCEPTED,,2024-07-19
TRD00312,2024-05-18,DE000A1EWWW0,Adidas AG,DE,EQUITY,XLON,CP001,Deutsche Bank AG,MAES062Z21O4RZ2U7M96,SELL,28344,229.9334,6517232.29,EUR,ACCEPTED,,2024-05-19
TRD00313,2024-01-14,DE000A1EWWW0,Adidas AG,DE,EQUITY,XPAR,CP005,Credit Suisse,UWJKLYCTVC18SQVJHL39,SELL,39220,303.0415,11885287.63,EUR,ACCEPTED,,2024-01-15
TRD00314,2024-01-07,FR0000131104,BNP Paribas,FR,EQUITY,XAMS,CP004,UBS Group AG,PBLD0EJDB5FWOLXP3B76,BUY,47603,451.5567,21495453.59,EUR,ACCEPTED,,2024-01-08
TRD00315,2024-12-16,US0378331005,Apple Inc,US,EQUITY,XLON,CP002,Barclays PLC,MAES062Z21O4RZ2U7M96,BUY,19834,141.5193,2806893.8,EUR,ACCEPTED,,2024-12-17
TRD00316,2024-03-26,US0378331005,Apple Inc,US,EQUITY,XPAR,CP004,UBS Group AG,529900T8BM49AURSDO55,SELL,31834,393.5066,12526889.1,EUR,ACCEPTED,,2024-03-27
TRD00317,2024-05-06,XS1234567890,EUR Corp Bond 2026,XS,BOND,XAMS,CP005,Credit Suisse,,BUY,12915,234.3522,3026658.66,EUR,REJECTED,INVALID_LEI,2024-05-07
TRD00318,2024-07-21,FR0000131104,BNP Paribas,FR,EQUITY,XMIL,CP004,UBS Group AG,529900T8BM49AURSDO55,BUY,28950,174.0207,5037899.27,EUR,ACCEPTED,,2024-07-22
TRD00319,2024-06-13,DE0007164600,SAP SE,DE,EQUITY,XLON,CP004,UBS Group AG,529900T8BM49AURSDO55,SELL,11741,482.6416,5666695.03,EUR,ACCEPTED,,2024-06-14
TRD00320,2024-12-21,XS1234567890,EUR Corp Bond 2026,XS,BOND,XAMS,CP005,Credit Suisse,XKZZ2JZF41MRHTR1V493,SELL,21457,194.2671,4168389.16,EUR,ACCEPTED,,2024-12-22
TRD00321,2024-02-28,DE0007164600,SAP SE,DE,EQUITY,XLON,CP005,Credit Suisse,00000000000000000000,BUY,11891,344.0392,4090970.13,EUR,REJECTED,MISSING_INSTRUMENT_ID,2024-02-29
TRD00322,2024-08-12,XS9876543210,USD Corp Bond 2028,XS,BOND,XPAR,CP007,JPMorgan Chase,9ZHRYM6F437SQJ6OUG95,SELL,4632,411.2931,1905109.64,EUR,PENDING,,2024-08-13
TRD00323,2024-03-12,XS1234567890,EUR Corp Bond 2026,XS,BOND,XPAR,CP002,Barclays PLC,UWJKLYCTVC18SQVJHL39,SELL,43266,85.5302,3700549.63,EUR,ACCEPTED,,2024-03-13
TRD00324,2024-02-07,US0378331005,Apple Inc,US,EQUITY,XMIL,CP004,UBS Group AG,INVALID123,SELL,26367,271.84,7167605.28,EUR,REJECTED,PRICE_OUT_OF_RANGE,2024-02-08
TRD00325,2024-12-25,XS9876543210,USD Corp Bond 2028,XS,BOND,XMIL,CP005,Credit Suisse,XKZZ2JZF41MRHTR1V493,BUY,5669,63.591,360497.38,EUR,PENDING,,2024-12-26
TRD00326,2024-03-26,XS1234567890,EUR Corp Bond 2026,XS,BOND,XMIL,CP001,Deutsche Bank AG,,SELL,42372,341.9612,14489579.97,EUR,REJECTED,DUPLICATE_TRADE_ID,2024-03-27
TRD00327,2024-02-24,DE000A1EWWW0,Adidas AG,DE,EQUITY,XEUR,CP003,Societe Generale,9ZHRYM6F437SQJ6OUG95,BUY,33567,375.958,12619782.19,EUR,ACCEPTED,,2024-02-25
TRD00328,2024-07-10,US0378331005,Apple Inc,US,EQUITY,XAMS,CP007,JPMorgan Chase,XKZZ2JZF41MRHTR1V493,BUY,38673,348.3143,13470358.92,EUR,PENDING,,2024-07-11
TRD00329,2024-01-13,US0378331005,Apple Inc,US,EQUITY,XEUR,CP003,Societe Generale,XKZZ2JZF41MRHTR1V493,BUY,5726,66.874,382920.52,EUR,ACCEPTED,,2024-01-14
TRD00330,2024-06-08,FR0000131104,BNP Paribas,FR,EQUITY,XAMS,CP007,JPMorgan Chase,MAES062Z21O4RZ2U7M96,SELL,34251,246.6337,8447450.86,EUR,ACCEPTED,,2024-06-09
TRD00331,2024-08-12,XS1234567890,EUR Corp Bond 2026,XS,BOND,XAMS,CP003,Societe Generale,7H6GLXDRUGQFU57RNE97,BUY,19778,31.8947,630813.38,EUR,ACCEPTED,,2024-08-13
TRD00332,2024-06-24,XS1234567890,EUR Corp Bond 2026,XS,BOND,XEUR,CP006,Morgan Stanley,PBLD0EJDB5FWOLXP3B76,BUY,48628,129.5173,6298167.26,EUR,ACCEPTED,,2024-06-25
TRD00333,2024-06-18,DE0007164600,SAP SE,DE,EQUITY,XAMS,CP004,UBS Group AG,UWJKLYCTVC18SQVJHL39,BUY,26645,318.5826,8488633.38,EUR,ACCEPTED,,2024-06-19
TRD00334,2024-07-21,DE000A1EWWW0,Adidas AG,DE,EQUITY,XMIL,CP002,Barclays PLC,INR2EJN1ERAN0W5ZP974,BUY,38910,220.4809,8578911.82,EUR,ACCEPTED,,2024-07-22
TRD00335,2024-04-15,FR0000131104,BNP Paribas,FR,EQUITY,XEUR,CP005,Credit Suisse,INR2EJN1ERAN0W5ZP974,SELL,35285,101.6103,3585319.44,EUR,ACCEPTED,,2024-04-16
TRD00336,2024-08-22,DE000A1EWWW0,Adidas AG,DE,EQUITY,XPAR,CP006,Morgan Stanley,UWJKLYCTVC18SQVJHL39,SELL,34684,483.299,16762742.52,EUR,ACCEPTED,,2024-08-23
TRD00337,2024-11-08,US0378331005,Apple Inc,US,EQUITY,XMIL,CP001,Deutsche Bank AG,529900T8BM49AURSDO55,BUY,23167,424.3037,9829843.82,EUR,ACCEPTED,,2024-11-09
TRD00338,2024-11-10,DE0007164600,SAP SE,DE,EQUITY,XEUR,CP006,Morgan Stanley,MAES062Z21O4RZ2U7M96,SELL,20624,67.7522,1397321.37,EUR,ACCEPTED,,2024-11-11
TRD00339,2024-04-03,FR0000131104,BNP Paribas,FR,EQUITY,XLON,CP005,Credit Suisse,UWJKLYCTVC18SQVJHL39,SELL,27509,302.2487,8314559.49,EUR,ACCEPTED,,2024-04-04
TRD00340,2024-04-05,US0378331005,Apple Inc,US,EQUITY,XMIL,CP006,Morgan Stanley,529900T8BM49AURSDO55,SELL,11453,281.9072,3228683.16,EUR,PENDING,,2024-04-06
TRD00341,2024-03-12,GB0002634946,BP PLC,GB,EQUITY,XPAR,CP007,JPMorgan Chase,7H6GLXDRUGQFU57RNE97,SELL,40693,36.2695,1475914.76,EUR,ACCEPTED,,2024-03-13
TRD00342,2024-09-05,GB0002634946,BP PLC,GB,EQUITY,XLON,CP007,JPMorgan Chase,UWJKLYCTVC18SQVJHL39,SELL,36903,257.6646,9508596.73,EUR,ACCEPTED,,2024-09-06
TRD00343,2024-12-16,US0378331005,Apple Inc,US,EQUITY,XAMS,CP006,Morgan Stanley,INR2EJN1ERAN0W5ZP974,BUY,32127,91.9542,2954212.58,EUR,ACCEPTED,,2024-12-17
TRD00344,2024-05-29,DE000A1EWWW0,Adidas AG,DE,EQUITY,XPAR,CP002,Barclays PLC,00000000000000000000,SELL,19018,92.4224,1757689.2,EUR,REJECTED,MISSING_VENUE_CODE,2024-05-30
TRD00345,2024-09-18,DE000A1EWWW0,Adidas AG,DE,EQUITY,XMIL,CP001,Deutsche Bank AG,7H6GLXDRUGQFU57RNE97,SELL,35693,413.4086,14755793.16,EUR,ACCEPTED,,2024-09-19
TRD00346,2024-08-13,DE0007164600,SAP SE,DE,EQUITY,XLON,CP004,UBS Group AG,529900T8BM49AURSDO55,BUY,48333,416.7347,20142038.26,EUR,ACCEPTED,,2024-08-14
TRD00347,2024-01-17,US0378331005,Apple Inc,US,EQUITY,XPAR,CP003,Societe Generale,INR2EJN1ERAN0W5ZP974,BUY,28874,433.9923,12531093.67,EUR,ACCEPTED,,2024-01-18
TRD00348,2024-04-17,XS9876543210,USD Corp Bond 2028,XS,BOND,XMIL,CP006,Morgan Stanley,PBLD0EJDB5FWOLXP3B76,SELL,46679,309.0283,14425132.02,EUR,ACCEPTED,,2024-04-18
TRD00349,2024-11-11,GB0002634946,BP PLC,GB,EQUITY,XLON,CP007,JPMorgan Chase,PBLD0EJDB5FWOLXP3B76,SELL,3990,289.3364,1154452.24,EUR,ACCEPTED,,2024-11-12
TRD00350,2024-06-14,XS1234567890,EUR Corp Bond 2026,XS,BOND,XPAR,CP003,Societe Generale,BADLEI00000000000000000,BUY,17620,476.6747,8399008.21,EUR,REJECTED,DUPLICATE_TRADE_ID,2024-06-15
TRD00351,2024-01-31,FR0000131104,BNP Paribas,FR,EQUITY,XLON,CP006,Morgan Stanley,INR2EJN1ERAN0W5ZP974,SELL,16462,81.6593,1344275.4,EUR,ACCEPTED,,2024-02-01
TRD00352,2024-12-12,US0378331005,Apple Inc,US,EQUITY,XAMS,CP002,Barclays PLC,00000000000000000000,SELL,41545,141.6714,5885738.31,EUR,REJECTED,DUPLICATE_TRADE_ID,2024-12-13
TRD00353,2024-02-08,XS1234567890,EUR Corp Bond 2026,XS,BOND,XEUR,CP004,UBS Group AG,00000000000000000000,SELL,49239,146.3306,7205172.41,EUR,REJECTED,DUPLICATE_TRADE_ID,2024-02-09
TRD00354,2024-06-16,DE0007164600,SAP SE,DE,EQUITY,XEUR,CP007,JPMorgan Chase,XKZZ2JZF41MRHTR1V493,SELL,6204,368.1566,2284043.55,EUR,PENDING,,2024-06-17
TRD00355,2024-02-02,XS9876543210,USD Corp Bond 2028,XS,BOND,XMIL,CP004,UBS Group AG,529900T8BM49AURSDO55,SELL,28257,414.1753,11703351.45,EUR,ACCEPTED,,2024-02-03
TRD00356,2024-06-14,XS9876543210,USD Corp Bond 2028,XS,BOND,XPAR,CP003,Societe Generale,,SELL,37975,73.9912,2809815.82,EUR,REJECTED,INVALID_LEI,2024-06-15
TRD00357,2024-01-24,DE000A1EWWW0,Adidas AG,DE,EQUITY,XAMS,CP001,Deutsche Bank AG,UWJKLYCTVC18SQVJHL39,BUY,10453,226.2301,2364783.24,EUR,ACCEPTED,,2024-01-25
TRD00358,2024-04-13,XS1234567890,EUR Corp Bond 2026,XS,BOND,XLON,CP006,Morgan Stanley,MAES062Z21O4RZ2U7M96,SELL,10518,438.4675,4611801.17,EUR,ACCEPTED,,2024-04-14
TRD00359,2024-12-01,FR0000131104,BNP Paribas,FR,EQUITY,XPAR,CP001,Deutsche Bank AG,7H6GLXDRUGQFU57RNE97,BUY,43649,452.8621,19766977.8,EUR,ACCEPTED,,2024-12-02
TRD00360,2024-07-21,XS1234567890,EUR Corp Bond 2026,XS,BOND,XPAR,CP006,Morgan Stanley,MAES062Z21O4RZ2U7M96,BUY,49594,124.7305,6185884.42,EUR,PENDING,,2024-07-22
TRD00361,2024-01-01,GB0002634946,BP PLC,GB,EQUITY,XAMS,CP001,Deutsche Bank AG,7H6GLXDRUGQFU57RNE97,SELL,39007,120.8335,4713352.33,EUR,ACCEPTED,,2024-01-02
TRD00362,2024-01-05,XS1234567890,EUR Corp Bond 2026,XS,BOND,XPAR,CP007,JPMorgan Chase,MAES062Z21O4RZ2U7M96,SELL,27776,350.0752,9723688.76,EUR,ACCEPTED,,2024-01-06
TRD00363,2024-04-27,US0378331005,Apple Inc,US,EQUITY,XEUR,CP006,Morgan Stanley,PBLD0EJDB5FWOLXP3B76,SELL,6863,163.5422,1122390.12,EUR,ACCEPTED,,2024-04-28
TRD00364,2024-07-14,XS9876543210,USD Corp Bond 2028,XS,BOND,XLON,CP006,Morgan Stanley,PBLD0EJDB5FWOLXP3B76,BUY,9462,43.5217,411802.33,EUR,PENDING,,2024-07-15
TRD00365,2024-08-13,FR0000131104,BNP Paribas,FR,EQUITY,XLON,CP006,Morgan Stanley,INR2EJN1ERAN0W5ZP974,SELL,10020,460.7481,4616695.96,EUR,PENDING,,2024-08-14
TRD00366,2024-02-14,DE000A1EWWW0,Adidas AG,DE,EQUITY,XLON,CP007,JPMorgan Chase,UWJKLYCTVC18SQVJHL39,SELL,38738,367.7045,14244136.92,EUR,ACCEPTED,,2024-02-15
TRD00367,2024-06-10,XS9876543210,USD Corp Bond 2028,XS,BOND,XLON,CP002,Barclays PLC,7H6GLXDRUGQFU57RNE97,SELL,42345,51.2819,2171532.06,EUR,ACCEPTED,,2024-06-11
TRD00368,2024-12-03,FR0000131104,BNP Paribas,FR,EQUITY,XLON,CP005,Credit Suisse,,SELL,33492,102.4368,3430813.31,EUR,REJECTED,INVALID_LEI,2024-12-04
TRD00369,2024-05-02,US0378331005,Apple Inc,US,EQUITY,XAMS,CP001,Deutsche Bank AG,7H6GLXDRUGQFU57RNE97,BUY,32840,322.6603,10596164.25,EUR,ACCEPTED,,2024-05-03
TRD00370,2024-07-03,FR0000131104,BNP Paribas,FR,EQUITY,XLON,CP004,UBS Group AG,00000000000000000000,BUY,27681,189.0521,5233151.18,EUR,REJECTED,INVALID_LEI,2024-07-04
TRD00371,2024-01-09,DE0007164600,SAP SE,DE,EQUITY,XEUR,CP001,Deutsche Bank AG,UWJKLYCTVC18SQVJHL39,BUY,14238,29.5152,420237.42,EUR,ACCEPTED,,2024-01-10
TRD00372,2024-09-16,FR0000131104,BNP Paribas,FR,EQUITY,XMIL,CP007,JPMorgan Chase,PBLD0EJDB5FWOLXP3B76,BUY,27859,353.8872,9858943.5,EUR,ACCEPTED,,2024-09-17
TRD00373,2024-05-22,DE000A1EWWW0,Adidas AG,DE,EQUITY,XPAR,CP001,Deutsche Bank AG,,BUY,13416,487.4136,6539140.86,EUR,REJECTED,DUPLICATE_TRADE_ID,2024-05-23
TRD00374,2024-10-27,XS1234567890,EUR Corp Bond 2026,XS,BOND,XEUR,CP003,Societe Generale,7H6GLXDRUGQFU57RNE97,BUY,28771,367.6796,10578509.77,EUR,PENDING,,2024-10-28
TRD00375,2024-05-05,DE000A1EWWW0,Adidas AG,DE,EQUITY,XAMS,CP001,Deutsche Bank AG,PBLD0EJDB5FWOLXP3B76,SELL,40227,308.3279,12403106.43,EUR,ACCEPTED,,2024-05-06
TRD00376,2024-03-02,DE000A1EWWW0,Adidas AG,DE,EQUITY,XLON,CP006,Morgan Stanley,529900T8BM49AURSDO55,SELL,10836,253.2423,2744133.56,EUR,ACCEPTED,,2024-03-03
TRD00377,2024-03-26,FR0000131104,BNP Paribas,FR,EQUITY,XLON,CP006,Morgan Stanley,XKZZ2JZF41MRHTR1V493,BUY,48133,444.3432,21387571.25,EUR,ACCEPTED,,2024-03-27
TRD00378,2024-08-07,FR0000131104,BNP Paribas,FR,EQUITY,XMIL,CP001,Deutsche Bank AG,9ZHRYM6F437SQJ6OUG95,BUY,46782,487.7748,22819080.69,EUR,ACCEPTED,,2024-08-08
TRD00379,2024-08-21,DE0007164600,SAP SE,DE,EQUITY,XPAR,CP001,Deutsche Bank AG,529900T8BM49AURSDO55,BUY,37251,91.7719,3418595.05,EUR,ACCEPTED,,2024-08-22
TRD00380,2024-02-22,DE0007164600,SAP SE,DE,EQUITY,XEUR,CP002,Barclays PLC,INR2EJN1ERAN0W5ZP974,BUY,33446,11.2586,376555.14,EUR,PENDING,,2024-02-23
TRD00381,2024-01-24,US0378331005,Apple Inc,US,EQUITY,XPAR,CP004,UBS Group AG,UWJKLYCTVC18SQVJHL39,BUY,11828,466.2684,5515022.64,EUR,ACCEPTED,,2024-01-25
TRD00382,2024-04-24,FR0000131104,BNP Paribas,FR,EQUITY,XLON,CP004,UBS Group AG,XKZZ2JZF41MRHTR1V493,BUY,21067,142.9164,3010819.8,EUR,PENDING,,2024-04-25
TRD00383,2024-03-02,DE0007164600,SAP SE,DE,EQUITY,XEUR,CP002,Barclays PLC,MAES062Z21O4RZ2U7M96,SELL,33901,490.8928,16641756.81,EUR,ACCEPTED,,2024-03-03
TRD00384,2024-08-26,XS9876543210,USD Corp Bond 2028,XS,BOND,XPAR,CP007,JPMorgan Chase,7H6GLXDRUGQFU57RNE97,SELL,21549,52.3289,1127635.47,EUR,ACCEPTED,,2024-08-27
TRD00385,2024-07-07,GB0002634946,BP PLC,GB,EQUITY,XPAR,CP005,Credit Suisse,XKZZ2JZF41MRHTR1V493,SELL,48568,315.1316,15305311.55,EUR,ACCEPTED,,2024-07-08
TRD00386,2024-10-29,US0378331005,Apple Inc,US,EQUITY,XLON,CP006,Morgan Stanley,INVALID123,BUY,49938,400.027,19976548.33,EUR,REJECTED,DUPLICATE_TRADE_ID,2024-10-30
TRD00387,2024-01-13,GB0002634946,BP PLC,GB,EQUITY,XMIL,CP003,Societe Generale,7H6GLXDRUGQFU57RNE97,SELL,45546,439.8273,20032374.21,EUR,PENDING,,2024-01-14
TRD00388,2024-12-02,US0378331005,Apple Inc,US,EQUITY,XPAR,CP001,Deutsche Bank AG,9ZHRYM6F437SQJ6OUG95,SELL,34821,491.7267,17122415.42,EUR,ACCEPTED,,2024-12-03
TRD00389,2024-01-31,GB0002634946,BP PLC,GB,EQUITY,XPAR,CP001,Deutsche Bank AG,XKZZ2JZF41MRHTR1V493,SELL,15269,449.6709,6866024.97,EUR,ACCEPTED,,2024-02-01
TRD00390,2024-08-22,XS1234567890,EUR Corp Bond 2026,XS,BOND,XEUR,CP005,Credit Suisse,MAES062Z21O4RZ2U7M96,SELL,33223,75.4218,2505738.46,EUR,ACCEPTED,,2024-08-23
TRD00391,2024-10-30,DE0007164600,SAP SE,DE,EQUITY,XEUR,CP004,UBS Group AG,XKZZ2JZF41MRHTR1V493,SELL,8666,126.0182,1092073.72,EUR,PENDING,,2024-10-31
TRD00392,2024-07-20,XS1234567890,EUR Corp Bond 2026,XS,BOND,XPAR,CP003,Societe Generale,PBLD0EJDB5FWOLXP3B76,BUY,17922,124.4695,2230742.38,EUR,ACCEPTED,,2024-07-21
TRD00393,2024-10-26,DE000A1EWWW0,Adidas AG,DE,EQUITY,XLON,CP001,Deutsche Bank AG,MAES062Z21O4RZ2U7M96,SELL,29562,238.367,7046605.25,EUR,ACCEPTED,,2024-10-27
TRD00394,2024-10-01,FR0000131104,BNP Paribas,FR,EQUITY,XLON,CP004,UBS Group AG,MAES062Z21O4RZ2U7M96,BUY,30465,139.8539,4260649.06,EUR,ACCEPTED,,2024-10-02
TRD00395,2024-03-21,XS9876543210,USD Corp Bond 2028,XS,BOND,XPAR,CP007,JPMorgan Chase,XKZZ2JZF41MRHTR1V493,BUY,45770,305.6182,13988145.01,EUR,PENDING,,2024-03-22
TRD00396,2024-03-16,DE000A1EWWW0,Adidas AG,DE,EQUITY,XLON,CP003,Societe Generale,529900T8BM49AURSDO55,SELL,33750,33.9858,1147020.75,EUR,ACCEPTED,,2024-03-17
TRD00397,2024-03-30,DE000A1EWWW0,Adidas AG,DE,EQUITY,XAMS,CP007,JPMorgan Chase,MAES062Z21O4RZ2U7M96,BUY,36534,376.5584,13757184.59,EUR,ACCEPTED,,2024-03-31
TRD00398,2024-08-24,DE000A1EWWW0,Adidas AG,DE,EQUITY,XLON,CP001,Deutsche Bank AG,PBLD0EJDB5FWOLXP3B76,BUY,4141,416.8824,1726310.02,EUR,ACCEPTED,,2024-08-25
TRD00399,2024-04-11,XS9876543210,USD Corp Bond 2028,XS,BOND,XAMS,CP003,Societe Generale,529900T8BM49AURSDO55,BUY,41407,469.4117,19436930.26,EUR,PENDING,,2024-04-12
TRD00400,2024-02-08,DE000A1EWWW0,Adidas AG,DE,EQUITY,XEUR,CP002,Barclays PLC,XKZZ2JZF41MRHTR1V493,BUY,29160,406.5563,11855181.71,EUR,PENDING,,2024-02-09
TRD00401,2024-03-03,DE000A1EWWW0,Adidas AG,DE,EQUITY,XAMS,CP001,Deutsche Bank AG,9ZHRYM6F437SQJ6OUG95,SELL,37710,222.2466,8380919.29,EUR,ACCEPTED,,2024-03-04
TRD00402,2024-01-16,US0378331005,Apple Inc,US,EQUITY,XAMS,CP002,Barclays PLC,529900T8BM49AURSDO55,SELL,14171,455.0691,6448784.22,EUR,ACCEPTED,,2024-01-17
TRD00403,2024-08-16,GB0002634946,BP PLC,GB,EQUITY,XEUR,CP005,Credit Suisse,00000000000000000000,SELL,40534,130.4345,5287032.02,EUR,REJECTED,DUPLICATE_TRADE_ID,2024-08-17
TRD00404,2024-10-08,US0378331005,Apple Inc,US,EQUITY,XEUR,CP001,Deutsche Bank AG,INR2EJN1ERAN0W5ZP974,BUY,25201,77.2456,1946666.37,EUR,ACCEPTED,,2024-10-09
TRD00405,2024-11-18,XS9876543210,USD Corp Bond 2028,XS,BOND,XMIL,CP007,JPMorgan Chase,9ZHRYM6F437SQJ6OUG95,SELL,25167,393.1387,9894121.66,EUR,ACCEPTED,,2024-11-19
TRD00406,2024-10-05,XS9876543210,USD Corp Bond 2028,XS,BOND,XAMS,CP003,Societe Generale,BADLEI00000000000000000,SELL,33024,167.5862,5534366.67,EUR,REJECTED,INVALID_LEI,2024-10-06
TRD00407,2024-06-12,DE0007164600,SAP SE,DE,EQUITY,XLON,CP001,Deutsche Bank AG,XKZZ2JZF41MRHTR1V493,SELL,3939,406.2404,1600180.94,EUR,ACCEPTED,,2024-06-13
TRD00408,2024-10-26,GB0002634946,BP PLC,GB,EQUITY,XLON,CP001,Deutsche Bank AG,INR2EJN1ERAN0W5ZP974,BUY,43148,128.1649,5530059.11,EUR,ACCEPTED,,2024-10-27
TRD00409,2024-10-21,XS9876543210,USD Corp Bond 2028,XS,BOND,XAMS,CP003,Societe Generale,XKZZ2JZF41MRHTR1V493,SELL,11640,125.9101,1465593.56,EUR,ACCEPTED,,2024-10-22
TRD00410,2024-10-29,DE000A1EWWW0,Adidas AG,DE,EQUITY,XPAR,CP005,Credit Suisse,00000000000000000000,BUY,9412,285.9234,2691111.04,EUR,REJECTED,MISSING_VENUE_CODE,2024-10-30
TRD00411,2024-06-07,GB0002634946,BP PLC,GB,EQUITY,XAMS,CP001,Deutsche Bank AG,7H6GLXDRUGQFU57RNE97,BUY,3781,123.9854,468788.8,EUR,ACCEPTED,,2024-06-08
TRD00412,2024-09-26,US0378331005,Apple Inc,US,EQUITY,XEUR,CP003,Societe Generale,BADLEI00000000000000000,SELL,13303,405.1583,5389820.86,EUR,REJECTED,PRICE_OUT_OF_RANGE,2024-09-27
TRD00413,2024-01-31,DE000A1EWWW0,Adidas AG,DE,EQUITY,XLON,CP005,Credit Suisse,MAES062Z21O4RZ2U7M96,SELL,9383,389.4396,3654111.77,EUR,PENDING,,2024-02-01
TRD00414,2024-07-10,XS1234567890,EUR Corp Bond 2026,XS,BOND,XAMS,CP005,Credit Suisse,PBLD0EJDB5FWOLXP3B76,BUY,22156,157.8649,3497654.72,EUR,ACCEPTED,,2024-07-11
TRD00415,2024-08-11,XS9876543210,USD Corp Bond 2028,XS,BOND,XAMS,CP006,Morgan Stanley,INR2EJN1ERAN0W5ZP974,SELL,11516,356.5196,4105679.71,EUR,ACCEPTED,,2024-08-12
TRD00416,2024-12-06,DE0007164600,SAP SE,DE,EQUITY,XLON,CP004,UBS Group AG,PBLD0EJDB5FWOLXP3B76,BUY,48203,347.3642,16743996.53,EUR,ACCEPTED,,2024-12-07
TRD00417,2024-01-01,XS1234567890,EUR Corp Bond 2026,XS,BOND,XMIL,CP004,UBS Group AG,BADLEI00000000000000000,SELL,2222,99.2201,220467.06,EUR,REJECTED,MISSING_VENUE_CODE,2024-01-02
TRD00418,2024-02-23,US0378331005,Apple Inc,US,EQUITY,XLON,CP003,Societe Generale,PBLD0EJDB5FWOLXP3B76,SELL,5199,126.618,658286.98,EUR,PENDING,,2024-02-24
TRD00419,2024-11-21,DE000A1EWWW0,Adidas AG,DE,EQUITY,XPAR,CP004,UBS Group AG,XKZZ2JZF41MRHTR1V493,BUY,17480,112.7453,1970787.84,EUR,ACCEPTED,,2024-11-22
TRD00420,2024-05-11,XS9876543210,USD Corp Bond 2028,XS,BOND,XEUR,CP006,Morgan Stanley,PBLD0EJDB5FWOLXP3B76,SELL,3255,199.1092,648100.45,EUR,ACCEPTED,,2024-05-12
TRD00421,2024-07-30,US0378331005,Apple Inc,US,EQUITY,XAMS,CP003,Societe Generale,BADLEI00000000000000000,SELL,24698,59.7,1474470.6,EUR,REJECTED,MISSING_INSTRUMENT_ID,2024-07-31
TRD00422,2024-08-19,DE000A1EWWW0,Adidas AG,DE,EQUITY,XEUR,CP003,Societe Generale,MAES062Z21O4RZ2U7M96,BUY,20987,137.9526,2895211.22,EUR,ACCEPTED,,2024-08-20
TRD00423,2024-06-24,GB0002634946,BP PLC,GB,EQUITY,XAMS,CP002,Barclays PLC,XKZZ2JZF41MRHTR1V493,BUY,5015,278.0527,1394434.29,EUR,PENDING,,2024-06-25
TRD00424,2024-10-31,DE0007164600,SAP SE,DE,EQUITY,XAMS,CP006,Morgan Stanley,UWJKLYCTVC18SQVJHL39,BUY,28367,471.7967,13383456.99,EUR,ACCEPTED,,2024-11-01
TRD00425,2024-03-21,DE000A1EWWW0,Adidas AG,DE,EQUITY,XEUR,CP003,Societe Generale,529900T8BM49AURSDO55,SELL,12550,210.5471,2642366.1,EUR,ACCEPTED,,2024-03-22
TRD00426,2024-06-01,GB0002634946,BP PLC,GB,EQUITY,XEUR,CP001,Deutsche Bank AG,PBLD0EJDB5FWOLXP3B76,SELL,37571,279.3347,10494884.01,EUR,ACCEPTED,,2024-06-02
TRD00427,2024-01-28,FR0000131104,BNP Paribas,FR,EQUITY,XEUR,CP004,UBS Group AG,INR2EJN1ERAN0W5ZP974,SELL,19403,413.7097,8027209.31,EUR,ACCEPTED,,2024-01-29
TRD00428,2024-02-19,DE000A1EWWW0,Adidas AG,DE,EQUITY,XLON,CP002,Barclays PLC,MAES062Z21O4RZ2U7M96,SELL,19224,488.7583,9395889.56,EUR,PENDING,,2024-02-20
TRD00429,2024-06-06,XS9876543210,USD Corp Bond 2028,XS,BOND,XAMS,CP004,UBS Group AG,PBLD0EJDB5FWOLXP3B76,SELL,43421,139.8522,6072522.38,EUR,ACCEPTED,,2024-06-07
TRD00430,2024-07-08,US0378331005,Apple Inc,US,EQUITY,XPAR,CP002,Barclays PLC,529900T8BM49AURSDO55,SELL,3024,139.015,420381.36,EUR,ACCEPTED,,2024-07-09
TRD00431,2024-04-25,XS9876543210,USD Corp Bond 2028,XS,BOND,XPAR,CP005,Credit Suisse,MAES062Z21O4RZ2U7M96,BUY,10004,378.5952,3787466.38,EUR,ACCEPTED,,2024-04-26
TRD00432,2024-12-08,FR0000131104,BNP Paribas,FR,EQUITY,XMIL,CP004,UBS Group AG,00000000000000000000,SELL,15010,281.2649,4221786.15,EUR,REJECTED,MISSING_VENUE_CODE,2024-12-09
TRD00433,2024-12-17,XS9876543210,USD Corp Bond 2028,XS,BOND,XAMS,CP005,Credit Suisse,7H6GLXDRUGQFU57RNE97,SELL,31312,156.4375,4898371.0,EUR,ACCEPTED,,2024-12-18
TRD00434,2024-09-14,DE0007164600,SAP SE,DE,EQUITY,XMIL,CP007,JPMorgan Chase,INVALID123,BUY,44502,491.5498,21874949.2,EUR,REJECTED,DUPLICATE_TRADE_ID,2024-09-15
TRD00435,2024-03-29,GB0002634946,BP PLC,GB,EQUITY,XLON,CP007,JPMorgan Chase,UWJKLYCTVC18SQVJHL39,BUY,8369,30.9112,258695.83,EUR,ACCEPTED,,2024-03-30
TRD00436,2024-04-13,XS9876543210,USD Corp Bond 2028,XS,BOND,XLON,CP007,JPMorgan Chase,INVALID123,BUY,17000,166.6772,2833512.4,EUR,REJECTED,DUPLICATE_TRADE_ID,2024-04-14
TRD00437,2024-10-11,US0378331005,Apple Inc,US,EQUITY,XMIL,CP003,Societe Generale,UWJKLYCTVC18SQVJHL39,BUY,34158,234.497,8009948.53,EUR,ACCEPTED,,2024-10-12
TRD00438,2024-02-27,US0378331005,Apple Inc,US,EQUITY,XLON,CP002,Barclays PLC,INVALID123,BUY,38630,295.5118,11415620.83,EUR,REJECTED,MISSING_VENUE_CODE,2024-02-28
TRD00439,2024-02-21,XS9876543210,USD Corp Bond 2028,XS,BOND,XPAR,CP007,JPMorgan Chase,00000000000000000000,SELL,22635,440.1678,9963198.15,EUR,REJECTED,DUPLICATE_TRADE_ID,2024-02-22
TRD00440,2024-10-19,DE0007164600,SAP SE,DE,EQUITY,XAMS,CP001,Deutsche Bank AG,7H6GLXDRUGQFU57RNE97,SELL,18149,207.4572,3765140.72,EUR,ACCEPTED,,2024-10-20
TRD00441,2024-07-21,FR0000131104,BNP Paribas,FR,EQUITY,XLON,CP001,Deutsche Bank AG,7H6GLXDRUGQFU57RNE97,SELL,31243,461.2091,14409555.91,EUR,PENDING,,2024-07-22
TRD00442,2024-06-21,XS9876543210,USD Corp Bond 2028,XS,BOND,XPAR,CP003,Societe Generale,INR2EJN1ERAN0W5ZP974,BUY,32318,430.535,13914030.13,EUR,ACCEPTED,,2024-06-22
TRD00443,2024-03-09,FR0000131104,BNP Paribas,FR,EQUITY,XAMS,CP007,JPMorgan Chase,INR2EJN1ERAN0W5ZP974,BUY,17756,367.1117,6518435.35,EUR,ACCEPTED,,2024-03-10
TRD00444,2024-08-14,GB0002634946,BP PLC,GB,EQUITY,XAMS,CP006,Morgan Stanley,7H6GLXDRUGQFU57RNE97,SELL,49874,263.0857,13121136.2,EUR,ACCEPTED,,2024-08-15
TRD00445,2024-09-20,XS9876543210,USD Corp Bond 2028,XS,BOND,XLON,CP001,Deutsche Bank AG,7H6GLXDRUGQFU57RNE97,BUY,46602,258.3297,12038680.68,EUR,ACCEPTED,,2024-09-21
TRD00446,2024-03-29,GB0002634946,BP PLC,GB,EQUITY,XLON,CP007,JPMorgan Chase,XKZZ2JZF41MRHTR1V493,BUY,16450,26.2048,431068.96,EUR,ACCEPTED,,2024-03-30
TRD00447,2024-12-26,GB0002634946,BP PLC,GB,EQUITY,XPAR,CP003,Societe Generale,7H6GLXDRUGQFU57RNE97,BUY,33203,204.5017,6790069.95,EUR,ACCEPTED,,2024-12-27
TRD00448,2024-05-03,FR0000131104,BNP Paribas,FR,EQUITY,XAMS,CP005,Credit Suisse,XKZZ2JZF41MRHTR1V493,SELL,11738,480.655,5641928.39,EUR,ACCEPTED,,2024-05-04
TRD00449,2024-06-25,GB0002634946,BP PLC,GB,EQUITY,XPAR,CP006,Morgan Stanley,7H6GLXDRUGQFU57RNE97,SELL,6023,149.684,901546.73,EUR,PENDING,,2024-06-26
TRD00450,2024-03-24,XS9876543210,USD Corp Bond 2028,XS,BOND,XMIL,CP007,JPMorgan Chase,529900T8BM49AURSDO55,BUY,14606,327.2161,4779318.36,EUR,ACCEPTED,,2024-03-25
TRD00451,2024-11-29,US0378331005,Apple Inc,US,EQUITY,XMIL,CP001,Deutsche Bank AG,PBLD0EJDB5FWOLXP3B76,BUY,683,242.3076,165496.09,EUR,PENDING,,2024-11-30
TRD00452,2024-11-03,XS9876543210,USD Corp Bond 2028,XS,BOND,XEUR,CP002,Barclays PLC,529900T8BM49AURSDO55,SELL,39968,404.4919,16166732.26,EUR,ACCEPTED,,2024-11-04
TRD00453,2024-08-04,US0378331005,Apple Inc,US,EQUITY,XPAR,CP004,UBS Group AG,MAES062Z21O4RZ2U7M96,SELL,14400,238.682,3437020.8,EUR,ACCEPTED,,2024-08-05
TRD00454,2024-01-04,DE0007164600,SAP SE,DE,EQUITY,XPAR,CP005,Credit Suisse,MAES062Z21O4RZ2U7M96,SELL,39013,308.4346,12032959.05,EUR,PENDING,,2024-01-05
TRD00455,2024-09-03,DE000A1EWWW0,Adidas AG,DE,EQUITY,XPAR,CP003,Societe Generale,529900T8BM49AURSDO55,SELL,21408,432.1309,9251058.31,EUR,PENDING,,2024-09-04
TRD00456,2024-04-06,GB0002634946,BP PLC,GB,EQUITY,XMIL,CP007,JPMorgan Chase,XKZZ2JZF41MRHTR1V493,SELL,3820,404.6606,1545803.49,EUR,ACCEPTED,,2024-04-07
TRD00457,2024-12-14,GB0002634946,BP PLC,GB,EQUITY,XEUR,CP006,Morgan Stanley,UWJKLYCTVC18SQVJHL39,SELL,19472,137.1189,2669979.22,EUR,ACCEPTED,,2024-12-15
TRD00458,2024-07-17,XS1234567890,EUR Corp Bond 2026,XS,BOND,XEUR,CP005,Credit Suisse,INR2EJN1ERAN0W5ZP974,SELL,37589,409.8472,15405746.4,EUR,PENDING,,2024-07-18
TRD00459,2024-12-17,DE0007164600,SAP SE,DE,EQUITY,XAMS,CP006,Morgan Stanley,PBLD0EJDB5FWOLXP3B76,BUY,33347,157.0955,5238663.64,EUR,ACCEPTED,,2024-12-18
TRD00460,2024-05-30,DE000A1EWWW0,Adidas AG,DE,EQUITY,XAMS,CP002,Barclays PLC,XKZZ2JZF41MRHTR1V493,BUY,17051,365.3415,6229437.92,EUR,PENDING,,2024-05-31
TRD00461,2024-12-01,DE000A1EWWW0,Adidas AG,DE,EQUITY,XLON,CP003,Societe Generale,XKZZ2JZF41MRHTR1V493,SELL,48872,437.0018,21357151.97,EUR,ACCEPTED,,2024-12-02
TRD00462,2024-07-09,FR0000131104,BNP Paribas,FR,EQUITY,XMIL,CP003,Societe Generale,9ZHRYM6F437SQJ6OUG95,BUY,7818,240.5629,1880720.75,EUR,ACCEPTED,,2024-07-10
TRD00463,2024-04-09,DE0007164600,SAP SE,DE,EQUITY,XEUR,CP007,JPMorgan Chase,7H6GLXDRUGQFU57RNE97,SELL,25113,269.6209,6770989.66,EUR,PENDING,,2024-04-10
TRD00464,2024-03-18,GB0002634946,BP PLC,GB,EQUITY,XLON,CP003,Societe Generale,PBLD0EJDB5FWOLXP3B76,SELL,37416,447.4941,16743439.25,EUR,ACCEPTED,,2024-03-19
TRD00465,2024-06-10,XS9876543210,USD Corp Bond 2028,XS,BOND,XLON,CP007,JPMorgan Chase,XKZZ2JZF41MRHTR1V493,BUY,32054,172.9884,5544970.17,EUR,ACCEPTED,,2024-06-11
TRD00466,2024-11-20,DE000A1EWWW0,Adidas AG,DE,EQUITY,XEUR,CP004,UBS Group AG,PBLD0EJDB5FWOLXP3B76,BUY,13822,382.9847,5293614.52,EUR,ACCEPTED,,2024-11-21
TRD00467,2024-09-07,XS9876543210,USD Corp Bond 2028,XS,BOND,XEUR,CP002,Barclays PLC,00000000000000000000,SELL,28523,320.4089,9139023.05,EUR,REJECTED,DUPLICATE_TRADE_ID,2024-09-08
TRD00468,2024-07-15,DE000A1EWWW0,Adidas AG,DE,EQUITY,XEUR,CP005,Credit Suisse,XKZZ2JZF41MRHTR1V493,BUY,47984,192.8197,9252260.48,EUR,ACCEPTED,,2024-07-16
TRD00469,2024-09-28,GB0002634946,BP PLC,GB,EQUITY,XEUR,CP006,Morgan Stanley,XKZZ2JZF41MRHTR1V493,BUY,41170,369.4656,15210898.75,EUR,ACCEPTED,,2024-09-29
TRD00470,2024-06-08,GB0002634946,BP PLC,GB,EQUITY,XEUR,CP004,UBS Group AG,INVALID123,BUY,38679,159.9964,6188500.76,EUR,REJECTED,PRICE_OUT_OF_RANGE,2024-06-09
TRD00471,2024-05-28,US0378331005,Apple Inc,US,EQUITY,XMIL,CP005,Credit Suisse,,BUY,22240,222.496,4948311.04,EUR,REJECTED,DUPLICATE_TRADE_ID,2024-05-29
TRD00472,2024-07-02,XS9876543210,USD Corp Bond 2028,XS,BOND,XLON,CP002,Barclays PLC,INR2EJN1ERAN0W5ZP974,BUY,1353,121.925,164964.52,EUR,ACCEPTED,,2024-07-03
TRD00473,2024-01-12,DE0007164600,SAP SE,DE,EQUITY,XMIL,CP002,Barclays PLC,UWJKLYCTVC18SQVJHL39,BUY,24124,358.4439,8647100.64,EUR,ACCEPTED,,2024-01-13
TRD00474,2024-11-23,FR0000131104,BNP Paribas,FR,EQUITY,XMIL,CP005,Credit Suisse,7H6GLXDRUGQFU57RNE97,BUY,39023,497.3933,19409778.75,EUR,ACCEPTED,,2024-11-24
TRD00475,2024-01-25,XS1234567890,EUR Corp Bond 2026,XS,BOND,XEUR,CP004,UBS Group AG,9ZHRYM6F437SQJ6OUG95,SELL,25020,70.5616,1765451.23,EUR,ACCEPTED,,2024-01-26
TRD00476,2024-12-25,GB0002634946,BP PLC,GB,EQUITY,XLON,CP006,Morgan Stanley,MAES062Z21O4RZ2U7M96,SELL,41408,14.5592,602867.35,EUR,PENDING,,2024-12-26
TRD00477,2024-12-05,DE0007164600,SAP SE,DE,EQUITY,XPAR,CP005,Credit Suisse,INVALID123,BUY,46022,77.2101,3553363.22,EUR,REJECTED,PRICE_OUT_OF_RANGE,2024-12-06
TRD00478,2024-02-28,XS9876543210,USD Corp Bond 2028,XS,BOND,XEUR,CP004,UBS Group AG,INR2EJN1ERAN0W5ZP974,SELL,40011,107.8772,4316274.65,EUR,ACCEPTED,,2024-02-29
TRD00479,2024-07-02,XS1234567890,EUR Corp Bond 2026,XS,BOND,XAMS,CP003,Societe Generale,9ZHRYM6F437SQJ6OUG95,BUY,2682,278.588,747173.02,EUR,ACCEPTED,,2024-07-03
TRD00480,2024-06-18,GB0002634946,BP PLC,GB,EQUITY,XEUR,CP001,Deutsche Bank AG,PBLD0EJDB5FWOLXP3B76,SELL,5932,454.3712,2695329.96,EUR,PENDING,,2024-06-19
TRD00481,2024-02-16,XS9876543210,USD Corp Bond 2028,XS,BOND,XMIL,CP001,Deutsche Bank AG,INR2EJN1ERAN0W5ZP974,SELL,47520,59.6323,2833726.9,EUR,PENDING,,2024-02-17
TRD00482,2024-08-21,FR0000131104,BNP Paribas,FR,EQUITY,XPAR,CP004,UBS Group AG,529900T8BM49AURSDO55,BUY,6641,408.4574,2712565.59,EUR,ACCEPTED,,2024-08-22
TRD00483,2024-07-03,XS9876543210,USD Corp Bond 2028,XS,BOND,XPAR,CP004,UBS Group AG,7H6GLXDRUGQFU57RNE97,BUY,7695,56.5493,435146.86,EUR,PENDING,,2024-07-04
TRD00484,2024-03-11,XS1234567890,EUR Corp Bond 2026,XS,BOND,XLON,CP003,Societe Generale,MAES062Z21O4RZ2U7M96,SELL,28786,477.9937,13759526.65,EUR,ACCEPTED,,2024-03-12
TRD00485,2024-07-09,XS9876543210,USD Corp Bond 2028,XS,BOND,XPAR,CP002,Barclays PLC,529900T8BM49AURSDO55,SELL,26365,206.1226,5434422.35,EUR,ACCEPTED,,2024-07-10
TRD00486,2024-07-16,XS1234567890,EUR Corp Bond 2026,XS,BOND,XAMS,CP007,JPMorgan Chase,MAES062Z21O4RZ2U7M96,BUY,42622,444.2007,18932722.24,EUR,ACCEPTED,,2024-07-17
TRD00487,2024-03-08,XS1234567890,EUR Corp Bond 2026,XS,BOND,XEUR,CP007,JPMorgan Chase,9ZHRYM6F437SQJ6OUG95,SELL,6896,213.8536,1474734.43,EUR,ACCEPTED,,2024-03-09
TRD00488,2024-04-02,DE0007164600,SAP SE,DE,EQUITY,XAMS,CP007,JPMorgan Chase,9ZHRYM6F437SQJ6OUG95,BUY,40165,24.12,968779.8,EUR,ACCEPTED,,2024-04-03
TRD00489,2024-09-06,DE000A1EWWW0,Adidas AG,DE,EQUITY,XAMS,CP004,UBS Group AG,7H6GLXDRUGQFU57RNE97,SELL,4250,138.1903,587308.78,EUR,ACCEPTED,,2024-09-07
TRD00490,2024-12-26,XS9876543210,USD Corp Bond 2028,XS,BOND,XMIL,CP007,JPMorgan Chase,XKZZ2JZF41MRHTR1V493,BUY,37891,364.649,13816915.26,EUR,PENDING,,2024-12-27
TRD00491,2024-09-22,DE0007164600,SAP SE,DE,EQUITY,XMIL,CP001,Deutsche Bank AG,XKZZ2JZF41MRHTR1V493,SELL,43466,366.0595,15911142.23,EUR,ACCEPTED,,2024-09-23
TRD00492,2024-12-05,XS1234567890,EUR Corp Bond 2026,XS,BOND,XAMS,CP002,Barclays PLC,00000000000000000000,BUY,40267,36.7374,1479304.89,EUR,REJECTED,DUPLICATE_TRADE_ID,2024-12-06
TRD00493,2024-03-25,DE000A1EWWW0,Adidas AG,DE,EQUITY,XAMS,CP003,Societe Generale,INR2EJN1ERAN0W5ZP974,BUY,21785,485.3711,10573809.41,EUR,ACCEPTED,,2024-03-26
TRD00494,2024-10-08,XS1234567890,EUR Corp Bond 2026,XS,BOND,XAMS,CP004,UBS Group AG,MAES062Z21O4RZ2U7M96,SELL,5266,234.9564,1237280.4,EUR,ACCEPTED,,2024-10-09
TRD00495,2024-09-12,US0378331005,Apple Inc,US,EQUITY,XPAR,CP001,Deutsche Bank AG,UWJKLYCTVC18SQVJHL39,BUY,48939,330.1528,16157347.88,EUR,ACCEPTED,,2024-09-13
TRD00496,2024-07-30,DE000A1EWWW0,Adidas AG,DE,EQUITY,XMIL,CP005,Credit Suisse,INR2EJN1ERAN0W5ZP974,SELL,6056,397.9738,2410129.33,EUR,ACCEPTED,,2024-07-31
TRD00497,2024-12-01,XS1234567890,EUR Corp Bond 2026,XS,BOND,XAMS,CP003,Societe Generale,XKZZ2JZF41MRHTR1V493,SELL,3656,410.1285,1499429.8,EUR,ACCEPTED,,2024-12-02
TRD00498,2024-10-13,XS9876543210,USD Corp Bond 2028,XS,BOND,XMIL,CP005,Credit Suisse,MAES062Z21O4RZ2U7M96,SELL,47066,332.0119,15626472.09,EUR,ACCEPTED,,2024-10-14
TRD00499,2024-02-19,XS9876543210,USD Corp Bond 2028,XS,BOND,XLON,CP001,Deutsche Bank AG,XKZZ2JZF41MRHTR1V493,SELL,23374,416.6431,9738615.82,EUR,ACCEPTED,,2024-02-20
TRD00500,2024-12-25,DE000A1EWWW0,Adidas AG,DE,EQUITY,XEUR,CP002,Barclays PLC,MAES062Z21O4RZ2U7M96,SELL,9304,412.7009,3839769.17,EUR,ACCEPTED,,2024-12-26
